subset,n,status,z_min,z_max,z_median,spherical_r2,spherical_axis_lat,spherical_axis_lon,best_plane_r2,best_plane_pole_lat,best_plane_pole_lon,best_plane_slope_m_per_degree,trimmed_n,trimmed_spherical_r2,trimmed_spherical_axis_lat,trimmed_spherical_axis_lon,trimmed_plane_r2,trimmed_plane_pole_lat,trimmed_plane_pole_lon,full_plane_null_p,full_plane_null_p95,full_plane_null_p99,best_harmonic_k,best_harmonic_r2,best_harmonic_amplitude_m,best_harmonic_phase_deg
all,3203,ok,-4753.0,199.0,14.02,0.014494089048051828,-21.78905873471616,-89.34434127235453,0.022487953326993604,-30.0,-100.0,0.9485814338204822,3081,0.029000611810673926,-34.355185586244204,-75.70971419668976,0.037910972758742334,-30.0,-76.0,0.038461538461538464,0.002237580654677806,0.002712299844423164,3,0.023962965780569445,87.68945293094006,-78.44285957121903
littoral,3185,ok,-158.0,199.0,14.24,0.0025974561522668083,-31.43735259766442,-101.85330876130061,0.005855549536871174,-32.0,-74.0,0.055944310804050316,3062,0.025679872207933996,-43.743441954751766,-80.1391320851921,0.03385725338056278,-32.0,-76.0,0.038461538461538464,0.0022468186096388895,0.0028174363067112592,8,0.044096412167655585,11.172857678467953,-124.88315354188049
deepwater,18,ok,-4753.0,-900.0,-3753.5,0.6518444700654524,19.556773330566593,-149.69563057971533,0.6805349926596025,38.0,64.0,-32.63158268434345,16,0.5874744343457987,18.537232153307908,-148.04959489345904,0.6365820995756275,-38.0,-112.0,0.038461538461538464,0.42601671394003754,0.5641368699567306,8,0.9462927043845061,1641.1893435715342,-110.23192421230345
