{
  "metadata": {
    "input": "/Users/craig/ECDO/LITTORAL/outputs/merged/master_dataset.csv",
    "n": 3203,
    "reported_depth_source_records_only": true,
    "selection_criteria": "depth_source == reported, latitude/longitude present, and z_m <= 200 m",
    "depth_regime_threshold_m": -200.0,
    "littoral_definition": "z_m >= -200.0",
    "deepwater_definition": "z_m < -200.0",
    "seed": 42,
    "chronology_used": false,
    "origin_assumptions_used": false,
    "plane_step_deg": 2,
    "null_plane_step_deg": 4,
    "full_plane_permutations": 25,
    "source_bootstrap": 50
  },
  "subsets": {
    "all": {
      "name": "all",
      "n": 3203,
      "z_min": -4753.0,
      "z_max": 199.0,
      "z_median": 14.02,
      "spherical": {
        "r2": 0.014494089048051828,
        "rmse": 259.1377635045827,
        "mae": 49.01546400488085,
        "intercept": -12.777454142203295,
        "coefficients": [
          0.5363137744586163,
          -46.864585414607284,
          -18.735343332647204
        ],
        "axis_lat": -21.78905873471616,
        "axis_lon": -89.34434127235453,
        "gradient_norm_m": 50.473657370353735
      },
      "best_plane": {
        "pole_lat": -30.0,
        "pole_lon": -100.0,
        "slope_m_per_degree": 0.9485814338204822,
        "intercept": -13.8340812538846,
        "r2": 0.022487953326993604,
        "rmse": 258.08463437352594,
        "mae": 53.90961905062372
      },
      "harmonics": [
        {
          "k": 1,
          "r2": 0.012439522472286746,
          "rmse": 259.40774594581103,
          "amplitude_m": 42.77976585451942,
          "phase_deg": 89.20059317341287,
          "cos_coeff": 0.5968559572621058,
          "sin_coeff": -42.7756020359011
        },
        {
          "k": 2,
          "r2": 0.0029804270786755183,
          "rmse": 260.6471206262051,
          "amplitude_m": 27.822890622697155,
          "phase_deg": 47.24114964972793,
          "cos_coeff": 18.889354599002925,
          "sin_coeff": -20.428057309389366
        },
        {
          "k": 3,
          "r2": 0.023962965780569445,
          "rmse": 257.8898430330331,
          "amplitude_m": 87.68945293094006,
          "phase_deg": -78.44285957121903,
          "cos_coeff": 17.56815246768719,
          "sin_coeff": 85.9115834692834
        },
        {
          "k": 4,
          "r2": 0.016146724502038134,
          "rmse": 258.9203929423227,
          "amplitude_m": 60.449108712625645,
          "phase_deg": -123.79706781218346,
          "cos_coeff": -33.62500339036291,
          "sin_coeff": 50.233991391774914
        },
        {
          "k": 5,
          "r2": 0.002871162873119726,
          "rmse": 260.66140250246485,
          "amplitude_m": 23.522975076015967,
          "phase_deg": 141.0292150594209,
          "cos_coeff": -18.288330988315828,
          "sin_coeff": -14.794164595835598
        },
        {
          "k": 6,
          "r2": 0.010821157014573202,
          "rmse": 259.6202112540987,
          "amplitude_m": 39.55565574651372,
          "phase_deg": 52.640311692709645,
          "cos_coeff": 24.003034928731694,
          "sin_coeff": -31.44048688787739
        },
        {
          "k": 7,
          "r2": 0.0008468381198971642,
          "rmse": 260.9258596978402,
          "amplitude_m": 11.136113424761387,
          "phase_deg": -43.44352496716056,
          "cos_coeff": 8.085403132787613,
          "sin_coeff": 7.657628770674317
        },
        {
          "k": 8,
          "r2": 0.020269390496396533,
          "rmse": 258.3773430243679,
          "amplitude_m": 59.40015730177776,
          "phase_deg": -106.8251633345846,
          "cos_coeff": -17.19350665939913,
          "sin_coeff": 56.857383128571264
        }
      ],
      "best_harmonic": {
        "k": 3,
        "r2": 0.023962965780569445,
        "rmse": 257.8898430330331,
        "amplitude_m": 87.68945293094006,
        "phase_deg": -78.44285957121903,
        "cos_coeff": 17.56815246768719,
        "sin_coeff": 85.9115834692834
      },
      "trimmed": {
        "n": 3081,
        "q_low": 0.02,
        "q_high": 0.98,
        "spherical": {
          "r2": 0.029000611810673926,
          "rmse": 23.397613657979896,
          "mae": 14.805191682057744,
          "intercept": 17.41263721546649,
          "coefficients": [
            1.3573973640474257,
            -5.329056776344344,
            -3.7590771440680446
          ],
          "axis_lat": -34.355185586244204,
          "axis_lon": -75.70971419668976,
          "gradient_norm_m": 6.661233722403023
        },
        "best_plane": {
          "pole_lat": -30.0,
          "pole_lon": -76.0,
          "slope_m_per_degree": 0.10131592235780275,
          "intercept": 16.79974010171765,
          "r2": 0.037910972758742334,
          "rmse": 23.2900123176563,
          "mae": 14.645673629019749
        }
      },
      "full_plane_rescan_null": {
        "n_perm": 25,
        "step_deg": 4,
        "p": 0.038461538461538464,
        "null_mean": 0.0010331414962806162,
        "null_p95": 0.002237580654677806,
        "null_p99": 0.002712299844423164
      }
    },
    "littoral": {
      "name": "littoral",
      "n": 3185,
      "z_min": -158.0,
      "z_max": 199.0,
      "z_median": 14.24,
      "spherical": {
        "r2": 0.0025974561522668083,
        "rmse": 33.67474075735776,
        "mae": 19.32118321178059,
        "intercept": 19.426816324210204,
        "coefficients": [
          -0.4902525963037836,
          -2.3358476563028105,
          -1.459009408985752
        ],
        "axis_lat": -31.43735259766442,
        "axis_lon": -101.85330876130061,
        "gradient_norm_m": 2.7973631042728235
      },
      "best_plane": {
        "pole_lat": -32.0,
        "pole_lon": -74.0,
        "slope_m_per_degree": 0.055944310804050316,
        "intercept": 18.769675181601674,
        "r2": 0.005855549536871174,
        "rmse": 33.61969518126081,
        "mae": 19.09391076142774
      },
      "harmonics": [
        {
          "k": 1,
          "r2": 0.00045372336916560396,
          "rmse": 33.71091015466724,
          "amplitude_m": 1.1273400905393012,
          "phase_deg": 136.2626616499522,
          "cos_coeff": -0.8145221098012769,
          "sin_coeff": -0.7793904107583288
        },
        {
          "k": 2,
          "r2": 0.010012526036769609,
          "rmse": 33.54933182241683,
          "amplitude_m": 4.839194036478433,
          "phase_deg": -177.37419199198166,
          "cos_coeff": -4.834113053977773,
          "sin_coeff": 0.2216977763761184
        },
        {
          "k": 3,
          "r2": 0.011131138655314121,
          "rmse": 33.53037233350079,
          "amplitude_m": 7.285454069553808,
          "phase_deg": -96.17962973099787,
          "cos_coeff": -0.7842492611139482,
          "sin_coeff": 7.243120466761571
        },
        {
          "k": 4,
          "r2": 0.009762383576907285,
          "rmse": 33.55357004894129,
          "amplitude_m": 4.715961765755506,
          "phase_deg": -42.34371516537031,
          "cos_coeff": 3.485649346876936,
          "sin_coeff": 3.1765616642344887
        },
        {
          "k": 5,
          "r2": 0.011014703636160417,
          "rmse": 33.53234630334719,
          "amplitude_m": 5.458248263344427,
          "phase_deg": -81.69235934549685,
          "cos_coeff": 0.7886522348088776,
          "sin_coeff": 5.40097229735845
        },
        {
          "k": 6,
          "r2": 0.014240768289428107,
          "rmse": 33.47761046432876,
          "amplitude_m": 6.563002696255617,
          "phase_deg": 158.79700905319254,
          "cos_coeff": -6.1187197198805645,
          "sin_coeff": -2.373662440323644
        },
        {
          "k": 7,
          "r2": 0.04236365600330183,
          "rmse": 32.99661087616735,
          "amplitude_m": 10.597675201535283,
          "phase_deg": -179.90596325084817,
          "cos_coeff": -10.597660928035873,