{
  "metadata": {
    "input": "/Users/craig/ECDO/LITTORAL/outputs/geospatial_05/05_littoral_records_with_predictions_and_residuals.csv",
    "n": 3176,
    "reported_depth_source_records_only": true,
    "selection_criteria": "depth_source == reported, latitude/longitude present, and z_m <= 200 m",
    "depth_threshold_m": -200.0,
    "lat_bin_deg": 10.0,
    "lon_bin_deg": 20.0,
    "bootstraps": 2000,
    "permutations_per_null": 1000,
    "seed": 42,
    "chronology_used": false,
    "origin_assumptions_used": false
  },
  "baseline_l1_l2": {
    "n": 3176,
    "l1_r2": 0.002465255971691893,
    "l1_rmse": 33.54243959934884,
    "l1_axis_lat": -37.202743453729774,
    "l1_axis_lon": -110.77378223734581,
    "l1_norm": 2.7581912580975456,
    "l1_l2_r2": 0.08281542723978108,
    "l1_l2_rmse": 32.16318149770547,
    "l2_delta_r2": 0.08035017126808919,
    "residual_l2_r2": 0.040533124013681254,
    "residual_l2_rmse": 32.85561791851119,
    "l2_norm_full_model": 49.15361144917547,
    "l2_norm_residual_model": 25.042385408509645,
    "l1_coefficients": {
      "l1_x": -0.77919536201723,
      "l1_y": -2.0540771675635874,
      "l1_z": -1.66770518790058
    },
    "l2_coefficients_full_model": {
      "l2_xy": 8.039017692732047,
      "l2_xz": 5.934453098147117,
      "l2_yz": 46.83312790752709,
      "l2_x2_minus_y2": -11.014035674491005,
      "l2_3z2_minus_1": -1.2582241519672068
    },
    "l2_coefficients_residual_model": {
      "l2_xy": 7.1849810296540495,
      "l2_xz": 1.504051303206628,
      "l2_yz": 23.630760437911867,
      "l2_x2_minus_y2": -3.7248026709083115,
      "l2_3z2_minus_1": 0.9736274533845855
    }
  },
  "quadrupole_tensor_full_model": [
    [
      -9.755811522523798,
      4.019508846366024,
      2.9672265490735583
    ],
    [
      4.019508846366024,
      12.272259826458212,
      23.416563953763546
    ],
    [
      2.9672265490735583,
      23.416563953763546,
      -2.5164483039344137
    ]
  ],
  "quadrupole_tensor_residual_model": [
    [
      -4.698430124292897,
      3.5924905148270248,
      0.752025651603314
    ],
    [
      3.5924905148270248,
      2.751175217523726,
      11.815380218955934
    ],
    [
      0.752025651603314,
      11.815380218955934,
      1.947254906769171
    ]
  ],
  "quadrupole_eigensystem_full_model": [
    {
      "axis_rank": 1,
      "eigenvalue": 30.061091504561368,
      "axis_lat": 35.91403008361264,
      "axis_lon": 81.1572861057032
    },
    {
      "axis_rank": 2,
      "eigenvalue": -10.382664383875087,
      "axis_lat": -4.135435591425087,
      "axis_lon": -5.841029451829857
    },
    {
      "axis_rank": 3,
      "eigenvalue": -19.67842712068629,
      "axis_lat": -53.77291872622627,
      "axis_lon": 89.82276896497329
    }
  ],
  "quadrupole_eigensystem_residual_model": [
    {
      "axis_rank": 1,
      "eigenvalue": 14.673456216998636,
      "axis_lat": -42.588297239071224,
      "axis_lon": -102.5166739882976
    },
    {
      "axis_rank": 2,
      "eigenvalue": -4.454019560048272,
      "axis_lat": 21.388650682790043,
      "axis_lon": -171.4159336722233
    },
    {
      "axis_rank": 3,
      "eigenvalue": -10.219436656950371,
      "axis_lat": 39.75930600486106,
      "axis_lon": -62.398621825716006
    }
  ],
  "one_per_cell_bootstrap_summary": {
    "n": {
      "mean": 81.0,
      "median": 81.0,
      "p05": 81.0,
      "p25": 81.0,
      "p75": 81.0,
      "p95": 81.0
    },
    "l1_r2": {
      "mean": 0.029226990669514286,
      "median": 0.026805993608853107,
      "p05": 0.005440535182700573,
      "p25": 0.016746610531403472,
      "p75": 0.03936394579434152,
      "p95": 0.06067077970449232
    },
    "l1_l2_r2": {
      "mean": 0.12949690643976383,
      "median": 0.12634008844964217,
      "p05": 0.07307854444700355,
      "p25": 0.10321399818588417,
      "p75": 0.15121941112028475,
      "p95": 0.19983120277730598
    },
    "l2_delta_r2": {
      "mean": 0.10026991577024953,
      "median": 0.09711763917054805,
      "p05": 0.04958527404758853,
      "p25": 0.07455452317345929,
      "p75": 0.12155265866447354,
      "p95": 0.16521210676204104
    },
    "residual_l2_r2": {
      "mean": 0.10119731949525712,
      "median": 0.09816157295417,
      "p05": 0.050596923979196025,
      "p25": 0.07590397906913313,
      "p75": 0.12246553135238494,
      "p95": 0.16492123345822415
    },
    "l1_axis_lat": {
      "mean": 53.11756404280669,
      "median": 55.74376612407042,
      "p05": 17.955666672950073,
      "p25": 43.80808715492031,
      "p75": 66.91362855028538,
      "p95": 80.56054019221746
    },
    "l1_axis_lon": {
      "mean": -100.55579222040181,
      "median": -137.6625093306327,
      "p05": -171.29215710622898,
      "p25": -154.13951448713487,
      "p75": -100.51027361614058,
      "p95": 160.98720178580894
    },
    "l2_norm_residual_model": {
      "mean": 44.48437747972186,
      "median": 43.63560123917964,
      "p05": 32.38761467090012,
      "p25": 38.73018071595947,
      "p75": 49.3359137079734,
      "p95": 59.058668806887795
    },
    "q_axis1_eigenvalue": {
      "mean": 23.721612338927045,
      "median": 23.205971296805785,
      "p05": 17.559717871644292,
      "p25": 20.727193207196215,
      "p75": 26.262413176344598,
      "p95": 31.517130504620223
    },
    "q_axis1_lat": {
      "mean": 7.314601436498837,
      "median": 33.23931073443417,
      "p05": -54.33555374072285,
      "p25": -40.01536044657066,
      "p75": 45.89448310849629,
      "p95": 56.454452974823916
    },
    "q_axis1_lon": {
      "mean": 47.55919846257596,
      "median": 100.29759769192759,
      "p05": -76.15593289086505,
      "p25": -51.15524777200717,
      "p75": 123.44463312665569,
      "p95": 164.10654360009434
    },
    "q_axis2_eigenvalue": {
      "mean": 0.5928909604237572,
      "median": 0.8207100595255632,
      "p05": -7.035811786776873,
      "p25": -2.3498254753096894,
      "p75": 3.630439711631814,
      "p95": 7.7582776887857205
    },
    "q_axis2_lat": {
      "mean": 2.3061349018396795,
      "median": 2.6242603508062796,
      "p05": -31.499124111538652,
      "p25": -16.737343694753868,
      "p75": 20.38319069298044,
      "p95": 36.18708712787708
    },
    "q_axis2_lon": {
      "mean": -33.08673879765523,
      "median": 6.469545458717407,
      "p05": -139.48230515193998,
      "p25": -116.94178634610692,
      "p75": 48.55276035361376,
      "p95": 73.98022725993974
    },
    "q_axis3_eigenvalue": {
      "mean": -24.3145032993508,
      "median": -24.2288347342662,
      "p05": -33.26843545632695,
      "p25": -27.758362103130562,
      "p75": -20.825994959412416,
      "p95": -15.750978294535502
    },
    "q_axis3_lat": {
      "mean": 8.889795791210519,
      "median": 30.815058324547635,
      "p05": -48.61788623250501,
      "p25": -33.70715388134135,
      "p75": 41.048664712073055,
      "p95": 51.18757383904813
    },
    "q_axis3_lon": {
      "mean": 38.53882550722127,
      "median": -5.571197168736143,
      "p05": -57.175468682737346,
      "p25": -23.00195784703795,
      "p75": 154.2284973120238,
      "p95": 172.0588877113513
    }
  },
  "leave_one_cell_summary": {
    "left_out_n": {
      "mean": 39.20987654320987,
      "median": 13.0,
      "p05": 1.0,
      "p25": 4.0,
      "p75": 36.0,
      "p95": 189.0
    },
    "remaining_n": {
      "mean": 3136.7901234567903,
      "median": 3163.0,
      "p05": 2987.0,
      "p25": 3140.0,
      "p75": 3172.0,
      "p95": 3175.0
    },
    "l1_r2": {
      "mean": 0.0030304116411805967,
      "median": 0.0024517243236951147,
      "p05": 0.0016039209828360157,
      "p25": 0.002384935827794532,
      "p75": 0.0025856721318967546,
      "p95": 0.005250707658610243
    },
    "l1_l2_r2": {
      "mean": 0.08403096715864591,
      "median": 0.08279726360736306,
      "p05": 0.0786483190644488,
      "p25": 0.08187785583743845,
      "p75": 0.0831983213174935,
      "p95": 0.09268000284094546
    },