{
  "metadata": {
    "input": "/Users/craig/ECDO/LITTORAL/outputs/geospatial_06/06_littoral_working_records.csv",
    "n": 3176,
    "reported_depth_source_records_only": true,
    "selection_criteria": "depth_source == reported, latitude/longitude present, and z_m <= 200 m",
    "relative_gradients_only": true,
    "absolute_depths_interpreted": false,
    "depth_threshold_m": -200.0,
    "axis_lat_min": -60.0,
    "axis_lat_max": 60.0,
    "axis_lat_step": 5.0,
    "axis_lon_step": 5.0,
    "angle_min": 1.0,
    "angle_max": 120.0,
    "angle_step": 2.0,
    "permutations": 1000,
    "seed": 42,
    "chronology_used": false,
    "origin_assumptions_used": false
  },
  "best_candidate": {
    "axis_lat": 40.0,
    "axis_lon": -175.0,
    "angle_deg": 21.0,
    "rotated_pole_lat": 73.95053951043535,
    "rotated_pole_lon": 101.7938343832022,
    "r2": 0.04329976064656582,
    "rmse": 32.848729144602885,
    "mae": 18.400769520475134,
    "scale_m_per_sigma": 6.988329579024165,
    "intercept_m": 20.169867758186392,
    "spearman": 0.4365883064098838,
    "abs_spearman": 0.4365883064098838,
    "kendall_tau": 0.29295097834001543,
    "abs_kendall_tau": 0.29295097834001543,
    "score": 0.018904169168637505
  },
  "fixed_reference_candidates": [
    {
      "name": "return_eighth_13_axis_31E",
      "axis_lat": 0.0,
      "axis_lon": 31.0,
      "angle_deg": 13.0,
      "rotated_pole_lat": 77.0,
      "rotated_pole_lon": -59.00000000000001,
      "r2": 0.041048230206512715,
      "rmse": 32.88736007973789,
      "mae": 18.638197559506313,
      "scale_m_per_sigma": -6.804212203202527,
      "intercept_m": 20.169867758186392,
      "spearman": -0.3690937987711273,
      "abs_spearman": 0.3690937987711273,
      "kendall_tau": -0.24313875863637294,
      "abs_kendall_tau": 0.24313875863637294,
      "score": 0.015150647219753514
    },
    {
      "name": "return_quarter_26_axis_31E",
      "axis_lat": 0.0,
      "axis_lon": 31.0,
      "angle_deg": 26.0,
      "rotated_pole_lat": 64.00000000000001,
      "rotated_pole_lon": -59.00000000000001,
      "r2": 0.038012966760200495,
      "rmse": 32.93936631252479,
      "mae": 18.885057016428313,
      "scale_m_per_sigma": -6.547816708633066,
      "intercept_m": 20.169867758186392,
      "spearman": -0.3206451739645765,
      "abs_spearman": 0.3206451739645765,
      "kendall_tau": -0.21375188272284112,
      "abs_kendall_tau": 0.21375188272284112,
      "score": 0.01218867433973415
    },
    {
      "name": "observed_l1_axis_77E_26deg",
      "axis_lat": 0.0,
      "axis_lon": 77.0,
      "angle_deg": 26.0,
      "rotated_pole_lat": 64.00000000000001,
      "rotated_pole_lon": -12.999999999999995,
      "r2": 0.012881321024481696,
      "rmse": 33.36685821324057,
      "mae": 19.021206628658557,
      "scale_m_per_sigma": -3.8116308449334086,
      "intercept_m": 20.169867758186392,
      "spearman": -0.3168315766478351,
      "abs_spearman": 0.3168315766478351,
      "kendall_tau": -0.21605180124171747,
      "abs_kendall_tau": 0.21605180124171747,
      "score": 0.004081209249493442
    },
    {
      "name": "observed_l1_axis_77E_52deg",
      "axis_lat": 0.0,
      "axis_lon": 77.0,
      "angle_deg": 52.0,
      "rotated_pole_lat": 38.0,
      "rotated_pole_lon": -12.999999999999996,
      "r2": 0.01291060008352729,
      "rmse": 33.36636336015093,
      "mae": 19.12878325082654,
      "scale_m_per_sigma": -3.8159602774301393,
      "intercept_m": 20.169867758186392,
      "spearman": -0.2860274657433161,
      "abs_spearman": 0.2860274657433161,
      "kendall_tau": -0.19184878661904622,
      "abs_kendall_tau": 0.19184878661904622,
      "score": 0.0036927862231167564
    },
    {
      "name": "return_half_52_axis_31E",
      "axis_lat": 0.0,
      "axis_lon": 31.0,
      "angle_deg": 52.0,
      "rotated_pole_lat": 38.0,
      "rotated_pole_lon": -59.00000000000001,
      "r2": 0.020913371970166295,
      "rmse": 33.23083013534446,
      "mae": 19.65405380292171,
      "scale_m_per_sigma": -4.856715478224954,
      "intercept_m": 20.169867758186392,
      "spearman": -0.17391540531226748,
      "abs_spearman": 0.17391540531226748,
      "kendall_tau": -0.1126850743637008,
      "abs_kendall_tau": 0.1126850743637008,
      "score": 0.003637157562637685
    },
    {
      "name": "ECDO_104_axis_31E_equatorial",
      "axis_lat": 0.0,
      "axis_lon": 31.0,
      "angle_deg": 104.0,
      "rotated_pole_lat": -14.000000000000004,
      "rotated_pole_lon": -59.00000000000001,
      "r2": 0.006517711138410154,
      "rmse": 33.47423768121131,
      "mae": 18.972239623181817,
      "scale_m_per_sigma": 2.711303815938094,
      "intercept_m": 20.169867758186392,
      "spearman": 0.31753402004480774,
      "abs_spearman": 0.31753402004480774,
      "kendall_tau": 0.2145398582637941,
      "abs_kendall_tau": 0.2145398582637941,
      "score": 0.0020695950192701966
    },
    {
      "name": "ECDO_104_axis_149W_equatorial",
      "axis_lat": 0.0,
      "axis_lon": -149.0,
      "angle_deg": 104.0,
      "rotated_pole_lat": -14.000000000000004,
      "rotated_pole_lon": 121.0,
      "r2": 0.0019985963377785465,
      "rmse": 33.550284475153056,
      "mae": 19.966280915012387,
      "scale_m_per_sigma": -1.501388809353227,
      "intercept_m": 20.169867758186392,
      "spearman": 0.11680149841620048,
      "abs_spearman": 0.11680149841620048,
      "kendall_tau": 0.08885855461352324,
      "abs_kendall_tau": 0.08885855461352324,
      "score": 0.00023343904698166498
    },
    {
      "name": "observed_l1_axis_77E_104deg",
      "axis_lat": 0.0,
      "axis_lon": 77.0,
      "angle_deg": 104.0,
      "rotated_pole_lat": -14.000000000000004,
      "rotated_pole_lon": -12.999999999999996,
      "r2": 5.708754695932239e-05,
      "rmse": 33.58290292783399,
      "mae": 19.761263514451034,
      "scale_m_per_sigma": -0.25374723688375894,
      "intercept_m": 20.169867758186392,
      "spearman": 0.15105225728044244,
      "abs_spearman": 0.15105225728044244,
      "kendall_tau": 0.0923046555161369,
      "abs_kendall_tau": 0.0923046555161369,
      "score": 8.623202830808905e-06
    }
  ],
  "permutation_tests_for_best_candidate": {
    "global": {
      "n_perm": 1000,
      "score_p": 0.000999000999000999,
      "r2_p": 0.000999000999000999,
      "abs_spearman_p": 0.000999000999000999,
      "score_null_median": 1.36065254482913e-06,
      "score_null_p95": 3.643172334438873e-05,
      "r2_null_median": 0.00016827463362517614,
      "r2_null_p95": 0.0012608523412929778,
      "abs_spearman_null_median": 0.012860063581864613,
      "abs_spearman_null_p95": 0.034876148617943185
    },
    "within_cells": {
      "n_perm": 1000,
      "score_p": 0.000999000999000999,
      "r2_p": 0.000999000999000999,
      "abs_spearman_p": 0.000999000999000999,
      "score_null_median": 0.015910182662741572,
      "score_null_p95": 0.01642643351235771,
      "r2_null_median": 0.03877923086871887,
      "r2_null_p95": 0.039657170785651806,
      "abs_spearman_null_median": 0.4103730592111675,
      "abs_spearman_null_p95": 0.4142667943654866
    }
  }
}