id,source_id,record_class,site_name,sample_id,latitude,longitude,coordinate_source,coordinate_uncertainty_m,elevation_m,elevation_reference,depth_source,indicator_type,indicator_subtype,indicative_range_m,age_ka,dating_method,description,location_name,bibliographic_reference,doi_or_url,confidence_score,notes,source_locator,reported_observations,derived_observations,age_models,elevation_min,elevation_max,elevation_avg,elevation_mean
f2ca1dee2068e590f6c4b6bd3726097a44d48288ca987cd657a93831db21394c,soerensen2010,marine_limiting,"Sparkær, Viborg",K-7098,56.492463291390536,9.141105168509227,inferred_map,1000.0,16.0,MSL,SRTM15+V2,subtidal_facies,radiocarbon-dated subfossil cetacean remain; marine limiting,null,0.0,radiocarbon,"Specimen 01: B. mysticetus/E. glacialis Vertebra from Sparkær, Viborg; 14C age Modern; calibrated age 0.","Sparkær, Viborg","Late Pleistocene and Holocene whale remains (Cetacea) from Denmark and adjacent countries: Species, distribution, chronology, and trace element concentrations",https://doi.org/10.1111/j.1748-7692.2009.00356.x,0.75,Extracted from Soerensen et al. Table 2 of dated subfossil whale remains. Cetacean remains are treated as marine-limiting constraints; no source elevation was reported in the table. Coordinate taken from authoritative manual geocode table soerensen2010.geojson using key '01'.,"{""page"": ""6"", ""figure"": null, ""table"": ""oratores. e carate ate s gven as te outer ounares coverng t C is the stable isotope ratio C/C measured against Vienna Pee Dee Belemnite (VPDB, the intern iThlibddiihbdiihil\u00b11 on dating has been performed by the conventional method by use of a proportional counter (Conv. 1312) e wae emans an e esus o e aocaon ang ( o e ae specmens pus one ts; see Table 5). The column \u201cElement dated\u201d indicates which part of the whale has been sampled. Th dhlridthrltfthrdirbdti16fthdtdil"", ""section"": null, ""quote_or_paraphrase"": ""01 | B. mysticetus/E. glacialis | Vertebra | 3/1909 | Spark\u00e6r, Viborg | Conv. | K-7098 | Modern | -15.4 | 0 | ""}","{""reported_elevation_m"": null, ""reported_depth_m"": null, ""reported_datum"": null, ""reported_uncertainty_m"": null}","{""raw_raster_value_m"": 16.0, ""applied_correction_m"": null, ""derived_elevation_m"": 16.0, ""derived_depth_m"": null, ""derivation_notes"": ""Elevation sampled from SRTM15+V2 at authoritative coordinates because source elevation was not reported.""}","[{""method"": ""radiocarbon"", ""relation"": ""equal"", ""age_ka"": 0.0, ""uncertainty_ka"": null, ""material"": ""B. mysticetus/E. glacialis; Vertebra; ZMUC 3/1909; delta13C -15.4"", ""notes"": ""14C age Modern; calibrated age BP 0; method Conv..""}]",16,16,16,16
c4f3178e2566fd8445c815ab2457a1a4420a66f39993551463896c261417bdbf,soerensen2010,marine_limiting,"Føns sogn, Odense",K-7100,55.43051965193214,9.80121853724026,inferred_map,1000.0,3.0,MSL,SRTM15+V2,subtidal_facies,radiocarbon-dated subfossil cetacean remain; marine limiting,null,0.0,radiocarbon,"Specimen 02: B. acutorostrata Skull, occipital part from Føns sogn, Odense; 14C age Modern; calibrated age 0.","Føns sogn, Odense","Late Pleistocene and Holocene whale remains (Cetacea) from Denmark and adjacent countries: Species, distribution, chronology, and trace element concentrations",https://doi.org/10.1111/j.1748-7692.2009.00356.x,0.75,Extracted from Soerensen et al. Table 2 of dated subfossil whale remains. Cetacean remains are treated as marine-limiting constraints; no source elevation was reported in the table. Coordinate taken from authoritative manual geocode table soerensen2010.geojson using key '02'.,"{""page"": ""6"", ""figure"": null, ""table"": ""oratores. e carate ate s gven as te outer ounares coverng t C is the stable isotope ratio C/C measured against Vienna Pee Dee Belemnite (VPDB, the intern iThlibddiihbdiihil\u00b11 on dating has been performed by the conventional method by use of a proportional counter (Conv. 1312) e wae emans an e esus o e aocaon ang ( o e ae specmens pus one ts; see Table 5). The column \u201cElement dated\u201d indicates which part of the whale has been sampled. Th dhlridthrltfthrdirbdti16fthdtdil"", ""section"": null, ""quote_or_paraphrase"": ""02 | B. acutorostrata | Skull, occipital part | 22/1951 | F\u00f8ns sogn, Odense | Conv. | K-7100 | Modern | -14.7 | 0 | ""}","{""reported_elevation_m"": null, ""reported_depth_m"": null, ""reported_datum"": null, ""reported_uncertainty_m"": null}","{""raw_raster_value_m"": 3.0, ""applied_correction_m"": null, ""derived_elevation_m"": 3.0, ""derived_depth_m"": null, ""derivation_notes"": ""Elevation sampled from SRTM15+V2 at authoritative coordinates because source elevation was not reported.""}","[{""method"": ""radiocarbon"", ""relation"": ""equal"", ""age_ka"": 0.0, ""uncertainty_ka"": null, ""material"": ""B. acutorostrata; Skull, occipital part; ZMUC 22/1951; delta13C -14.7"", ""notes"": ""14C age Modern; calibrated age BP 0; method Conv..""}]",3,3,3,3
7e9dfa69ba2cbdd9029d618d0368c00fd7821904d5c5f8a6f7d7be7af59d4bf5,soerensen2010,marine_limiting,"Hedegårdene, Vejle",K-7101,55.84707288211481,9.207986543079658,inferred_map,1000.0,81.0,MSL,SRTM15+V2,subtidal_facies,radiocarbon-dated subfossil cetacean remain; marine limiting,null,0.0,radiocarbon,"Specimen 03: B. physalus Cervical vertebra from Hedegårdene, Vejle; 14C age Modern; calibrated age 0.","Hedegårdene, Vejle","Late Pleistocene and Holocene whale remains (Cetacea) from Denmark and adjacent countries: Species, distribution, chronology, and trace element concentrations",https://doi.org/10.1111/j.1748-7692.2009.00356.x,0.75,Extracted from Soerensen et al. Table 2 of dated subfossil whale remains. Cetacean remains are treated as marine-limiting constraints; no source elevation was reported in the table. Coordinate taken from authoritative manual geocode table soerensen2010.geojson using key '03'.,"{""page"": ""6"", ""figure"": null, ""table"": ""oratores. e carate ate s gven as te outer ounares coverng t C is the stable isotope ratio C/C measured against Vienna Pee Dee Belemnite (VPDB, the intern iThlibddiihbdiihil\u00b11 on dating has been performed by the conventional method by use of a proportional counter (Conv. 1312) e wae emans an e esus o e aocaon ang ( o e ae specmens pus one ts; see Table 5). The column \u201cElement dated\u201d indicates which part of the whale has been sampled. Th dhlridthrltfthrdirbdti16fthdtdil"", ""section"": null, ""quote_or_paraphrase"": ""03 | B. physalus | Cervical vertebra | 19/1939 | Hedeg\u00e5rdene, Vejle | Conv. | K-7101 | Modern | -13.5 | 0 | ""}","{""reported_elevation_m"": null, ""reported_depth_m"": null, ""reported_datum"": null, ""reported_uncertainty_m"": null}","{""raw_raster_value_m"": 81.0, ""applied_correction_m"": null, ""derived_elevation_m"": 81.0, ""derived_depth_m"": null, ""derivation_notes"": ""Elevation sampled from SRTM15+V2 at authoritative coordinates because source elevation was not reported.""}","[{""method"": ""radiocarbon"", ""relation"": ""equal"", ""age_ka"": 0.0, ""uncertainty_ka"": null, ""material"": ""B. physalus; Cervical vertebra; ZMUC 19/1939; delta13C -13.5"", ""notes"": ""14C age Modern; calibrated age BP 0; method Conv..""}]",81,81,81,81
b371d62bf702e4f9fda50204a7ca24e338bc1872520146937dc6f650ce8eeadb,soerensen2010,marine_limiting,"Grærup, Ribe",K-6799,55.63896424744688,8.134168918032202,inferred_map,1000.0,6.0,MSL,SRTM15+V2,subtidal_facies,radiocarbon-dated subfossil cetacean remain; marine limiting,null,"[0.0, 0.26]",radiocarbon,"Specimen 04: O. orca Rib from Grærup, Ribe; 14C age 25 ± 70; calibrated age 0-260.","Grærup, Ribe","Late Pleistocene and Holocene whale remains (Cetacea) from Denmark and adjacent countries: Species, distribution, chronology, and trace element concentrations",https://doi.org/10.1111/j.1748-7692.2009.00356.x,0.75,Extracted from Soerensen et al. Table 2 of dated subfossil whale remains. Cetacean remains are treated as marine-limiting constraints; no source elevation was reported in the table. Coordinate taken from authoritative manual geocode table soerensen2010.geojson using key '04'.,"{""page"": ""6"", ""figure"": null, ""table"": ""oratores. e carate ate s gven as te outer ounares coverng t C is the stable isotope ratio C/C measured against Vienna Pee Dee Belemnite (VPDB, the intern iThlibddiihbdiihil\u00b11 on dating has been performed by the conventional method by use of a proportional counter (Conv. 1312) e wae emans an e esus o e aocaon ang ( o e ae specmens pus one ts; see Table 5). The column \u201cElement dated\u201d indicates which part of the whale has been sampled. Th dhlridthrltfthrdirbdti16fthdtdil"", ""section"": null, ""quote_or_paraphrase"": ""04 | O. orca | Rib | 4/1932 | Gr\u00e6rup, Ribe | Conv. | K-6799 | 25 \u00b1 70 | -11.5 | 0-260 | ""}","{""reported_elevation_m"": null, ""reported_depth_m"": null, ""reported_datum"": null, ""reported_uncertainty_m"": null}","{""raw_raster_value_m"": 6.0, ""applied_correction_m"": null, ""derived_elevation_m"": 6.0, ""derived_depth_m"": null, ""derivation_notes"": ""Elevation sampled from SRTM15+V2 at authoritative coordinates because source elevation was not reported.""}","[{""method"": ""radiocarbon"", ""relation"": ""range"", ""age_ka"": [0.0, 0.26], ""uncertainty_ka"": 0.07, ""material"": ""O. orca; Rib; ZMUC 4/1932; delta13C -11.5"", ""notes"": ""14C age 25 \u00b1 70; calibrated age BP 0-260; method Conv..""}]",6,6,6,6
26bfbdef5f65ecb0f6b2a2c76870603c716499b77d1255f7667963a88fd97d14,soerensen2010,marine_limiting,"Kolding Fjord, Vejle",K-6798,55.49610008649572,9.514526176527461,inferred_map,1000.0,4.0,MSL,SRTM15+V2,subtidal_facies,radiocarbon-dated subfossil cetacean remain; marine limiting,null,"[0.0, 0.26]",radiocarbon,"Specimen 05: H. ampullatus Vertebra from Kolding Fjord, Vejle; 14C age 50 ± 70; calibrated age 0-260.","Kolding Fjord, Vejle","Late Pleistocene and Holocene whale remains (Cetacea) from Denmark and adjacent countries: Species, distribution, chronology, and trace element concentrations",https://doi.org/10.1111/j.1748-7692.2009.00356.x,0.75,Extracted from Soerensen et al. Table 2 of dated subfossil whale remains. Cetacean remains are treated as marine-limiting constraints; no source elevation was reported in the table. Coordinate taken from authoritative manual geocode table soerensen2010.geojson using key '05'.,"{""page"": ""6"", ""figure"": null, ""table"": ""oratores. e carate ate s gven as te outer ounares coverng t C is the stable isotope ratio C/C measured against Vienna Pee Dee Belemnite (VPDB, the intern iThlibddiihbdiihil\u00b11 on dating has been performed by the conventional method by use of a proportional counter (Conv. 1312) e wae emans an e esus o e aocaon ang ( o e ae specmens pus one ts; see Table 5). The column \u201cElement dated\u201d indicates which part of the whale has been sampled. Th dhlridthrltfthrdirbdti16fthdtdil"", ""section"": null, ""quote_or_paraphrase"": ""05 | H. ampullatus | Vertebra | 40a/1968 | Kolding Fjord, Vejle | Conv. | K-6798 | 50 \u00b1 70 | -13.1 | 0-260 | ""}","{""reported_elevation_m"": null, ""reported_depth_m"": null, ""reported_datum"": null, ""reported_uncertainty_m"": null}","{""raw_raster_value_m"": 4.0, ""applied_correction_m"": null, ""derived_elevation_m"": 4.0, ""derived_depth_m"": null, ""derivation_notes"": ""Elevation sampled from SRTM15+V2 at authoritative coordinates because source elevation was not reported.""}","[{""method"": ""radiocarbon"", ""relation"": ""range"", ""age_ka"": [0.0, 0.26], ""uncertainty_ka"": 0.07, ""material"": ""H. ampullatus; Vertebra; ZMUC 40a/1968; delta13C -13.1"", ""notes"": ""14C age 50 \u00b1 70; calibrated age BP 0-260; method Conv..""}]",4,4,4,4
79518d40f27ad498c3f473885ca6c19088580abb19f74356fe96c55b0ba81e9e,soerensen2010,marine_limiting,"Hindsgaul, Odense",K-6765,55.50271546574815,9.678957680541448,inferred_map,1000.0,-10.0,MSL,SRTM15+V2,subtidal_facies,radiocarbon-dated subfossil cetacean remain; marine limiting,null,"[0.0, 0.26]",radiocarbon,"Specimen 06: T. truncatus Skull from Hindsgaul, Odense; 14C age 110 ± 50; calibrated age 0-260.","Hindsgaul, Odense","Late Pleistocene and Holocene whale remains (Cetacea) from Denmark and adjacent countries: Species, distribution, chronology, and trace element concentrations",https://doi.org/10.1111/j.1748-7692.2009.00356.x,0.75,Extracted from Soerensen et al. Table 2 of dated subfossil whale remains. Cetacean remains are treated as marine-limiting constraints; no source elevation was reported in the table. Coordinate taken from authoritative manual geocode table soerensen2010.geojson using key '06'.,"{""page"": ""6"", ""figure"": null, ""table"": ""oratores. e carate ate s gven as te outer ounares coverng t C is the stable isotope ratio C/C measured against Vienna Pee Dee Belemnite (VPDB, the intern iThlibddiihbdiihil\u00b11 on dating has been performed by the conventional method by use of a proportional counter (Conv. 1312) e wae emans an e esus o e aocaon ang ( o e ae specmens pus one ts; see Table 5). The column \u201cElement dated\u201d indicates which part of the whale has been sampled. Th dhlridthrltfthrdirbdti16fthdtdil"", ""section"": null, ""quote_or_paraphrase"": ""06 | T. truncatus | Skull | 93/1946 | Hindsgaul, Odense | Conv. | K-6765 | 110 \u00b1 50 | -11.8 | 0-260 | ""}","{""reported_elevation_m"": null, ""reported_depth_m"": null, ""reported_datum"": null, ""reported_uncertainty_m"": null}","{""raw_raster_value_m"": -10.0, ""applied_correction_m"": null, ""derived_elevation_m"": -10.0, ""derived_depth_m"": 10.0, ""derivation_notes"": ""Elevation sampled from SRTM15+V2 at authoritative coordinates because source elevation was not reported.""}","[{""method"": ""radiocarbon"", ""relation"": ""range"", ""age_ka"": [0.0, 0.26], ""uncertainty_ka"": 0.05, ""material"": ""T. truncatus; Skull; ZMUC 93/1946; delta13C -11.8"", ""notes"": ""14C age 110 \u00b1 50; calibrated age BP 0-260; method Conv..""}]",-10,-10,-10,-10
29945c29e8adca0a866d50b518b07d70cd0b2d961104a071dbde7d911f878fb6,soerensen2010,marine_limiting,"Søborg Ruin, Frederiksborg",K-6795,56.11437169885135,12.322848706653236,inferred_map,1000.0,12.0,MSL,SRTM15+V2,subtidal_facies,radiocarbon-dated subfossil cetacean remain; marine limiting,null,"[0.56, 0.72]",radiocarbon,"Specimen 07: M. novaeangliae Vertebra from Søborg Ruin, Frederiksborg; 14C age 705 ± 75; calibrated age 560-720.","Søborg Ruin, Frederiksborg","Late Pleistocene and Holocene whale remains (Cetacea) from Denmark and adjacent countries: Species, distribution, chronology, and trace element concentrations",https://doi.org/10.1111/j.1748-7692.2009.00356.x,0.75,Extracted from Soerensen et al. Table 2 of dated subfossil whale remains. Cetacean remains are treated as marine-limiting constraints; no source elevation was reported in the table. Coordinate taken from authoritative manual geocode table soerensen2010.geojson using key '07'.,"{""page"": ""6"", ""figure"": null, ""table"": ""oratores. e carate ate s gven as te outer ounares coverng t C is the stable isotope ratio C/C measured against Vienna Pee Dee Belemnite (VPDB, the intern iThlibddiihbdiihil\u00b11 on dating has been performed by the conventional method by use of a proportional counter (Conv. 1312) e wae emans an e esus o e aocaon ang ( o e ae specmens pus one ts; see Table 5). The column \u201cElement dated\u201d indicates which part of the whale has been sampled. Th dhlridthrltfthrdirbdti16fthdtdil"", ""section"": null, ""quote_or_paraphrase"": ""07 | M. novaeangliae | Vertebra | 111/1943 | S\u00f8borg Ruin, Frederiksborg | Conv. | K-6795 | 705 \u00b1 75 | -14.6 | 560-720 | ""}","{""reported_elevation_m"": null, ""reported_depth_m"": null, ""reported_datum"": null, ""reported_uncertainty_m"": null}","{""raw_raster_value_m"": 12.0, ""applied_correction_m"": null, ""derived_elevation_m"": 12.0, ""derived_depth_m"": null, ""derivation_notes"": ""Elevation sampled from SRTM15+V2 at authoritative coordinates because source elevation was not reported.""}","[{""method"": ""radiocarbon"", ""relation"": ""range"", ""age_ka"": [0.56, 0.72], ""uncertainty_ka"": 0.075, ""material"": ""M. novaeangliae; Vertebra; ZMUC 111/1943; delta13C -14.6"", ""notes"": ""14C age 705 \u00b1 75; calibrated age BP 560-720; method Conv..""}]",12,12,12,12
86fd8a0b313ea77b15bdcfff5d1786e3f4dec18df37d5188d2b30bdb61011bb6,soerensen2010,marine_limiting,"Poulsker, Bornholm",K-6804,55.003328828755905,15.068623780014033,inferred_map,1000.0,17.0,MSL,SRTM15+V2,subtidal_facies,radiocarbon-dated subfossil cetacean remain; marine limiting,null,"[0.8, 1.05]",radiocarbon,"Specimen 08: Balaenoptera sp. Vertebra from Poulsker, Bornholm; 14C age 1015 ± 70; calibrated age 800-1,050.","Poulsker, Bornholm","Late Pleistocene and Holocene whale remains (Cetacea) from Denmark and adjacent countries: Species, distribution, chronology, and trace element concentrations",https://doi.org/10.1111/j.1748-7692.2009.00356.x,0.75,Extracted from Soerensen et al. Table 2 of dated subfossil whale remains. Cetacean remains are treated as marine-limiting constraints; no source elevation was reported in the table. Coordinate taken from authoritative manual geocode table soerensen2010.geojson using key '08'.,"{""page"": ""6"", ""figure"": null, ""table"": ""oratores. e carate ate s gven as te outer ounares coverng t C is the stable isotope ratio C/C measured against Vienna Pee Dee Belemnite (VPDB, the intern iThlibddiihbdiihil\u00b11 on dating has been performed by the conventional method by use of a proportional counter (Conv. 1312) e wae emans an e esus o e aocaon ang ( o e ae specmens pus one ts; see Table 5). The column \u201cElement dated\u201d indicates which part of the whale has been sampled. Th dhlridthrltfthrdirbdti16fthdtdil"", ""section"": null, ""quote_or_paraphrase"": ""08 | Balaenoptera sp. | Vertebra | 325/1982 | Poulsker, Bornholm | Conv. | K-6804 | 1015 \u00b1 70 | -14.8 | 800-1,050 | ""}","{""reported_elevation_m"": null, ""reported_depth_m"": null, ""reported_datum"": null, ""reported_uncertainty_m"": null}","{""raw_raster_value_m"": 17.0, ""applied_correction_m"": null, ""derived_elevation_m"": 17.0, ""derived_depth_m"": null, ""derivation_notes"": ""Elevation sampled from SRTM15+V2 at authoritative coordinates because source elevation was not reported.""}","[{""method"": ""radiocarbon"", ""relation"": ""range"", ""age_ka"": [0.8, 1.05], ""uncertainty_ka"": 0.07, ""material"": ""Balaenoptera sp.; Vertebra; ZMUC 325/1982; delta13C -14.8"", ""notes"": ""14C age 1015 \u00b1 70; calibrated age BP 800-1,050; method Conv..""}]",17,17,17,17
c2aafa203fc7c17e6e53637638e513c5ae311a8ab62817887209547df0d35284,soerensen2010,marine_limiting,"Dänische Wiek, Greifswalder Bodden, Germany",K-7095,54.10626673799996,13.489421047654389,inferred_map,1000.0,-2.0,MSL,SRTM15+V2,subtidal_facies,radiocarbon-dated subfossil cetacean remain; marine limiting,null,"[0.93, 1.12]",radiocarbon,"Specimen 09: Mysticeti Cervical vertebra from Dänische Wiek, Greifswalder Bodden, Germany; 14C age 1110 ± 70; calibrated age 930-1,120.","Dänische Wiek, Greifswalder Bodden, Germany","Late Pleistocene and Holocene whale remains (Cetacea) from Denmark and adjacent countries: Species, distribution, chronology, and trace element concentrations",https://doi.org/10.1111/j.1748-7692.2009.00356.x,0.75,Extracted from Soerensen et al. Table 2 of dated subfossil whale remains. Cetacean remains are treated as marine-limiting constraints; no source elevation was reported in the table. Coordinate taken from authoritative manual geocode table soerensen2010.geojson using key '09'.,"{""page"": ""6"", ""figure"": null, ""table"": ""oratores. e carate ate s gven as te outer ounares coverng t C is the stable isotope ratio C/C measured against Vienna Pee Dee Belemnite (VPDB, the intern iThlibddiihbdiihil\u00b11 on dating has been performed by the conventional method by use of a proportional counter (Conv. 1312) e wae emans an e esus o e aocaon ang ( o e ae specmens pus one ts; see Table 5). The column \u201cElement dated\u201d indicates which part of the whale has been sampled. Th dhlridthrltfthrdirbdti16fthdtdil"", ""section"": null, ""quote_or_paraphrase"": ""09 | Mysticeti | Cervical vertebra | 28/1999 | D\u00e4nische Wiek, Greifswalder Bodden, Germany | Conv. | K-7095 | 1110 \u00b1 70 | -11.8 | 930-1,120 | ""}","{""reported_elevation_m"": null, ""reported_depth_m"": null, ""reported_datum"": null, ""reported_uncertainty_m"": null}","{""raw_raster_value_m"": -2.0, ""applied_correction_m"": null, ""derived_elevation_m"": -2.0, ""derived_depth_m"": 2.0, ""derivation_notes"": ""Elevation sampled from SRTM15+V2 at authoritative coordinates because source elevation was not reported.""}","[{""method"": ""radiocarbon"", ""relation"": ""range"", ""age_ka"": [0.93, 1.12], ""uncertainty_ka"": 0.07, ""material"": ""Mysticeti; Cervical vertebra; ZMUC 28/1999; delta13C -11.8"", ""notes"": ""14C age 1110 \u00b1 70; calibrated age BP 930-1,120; method Conv..""}]",-2,-2,-2,-2
c60592cb3f5053587c8111e618ce61f5679782a5b57ba6b7077611ca0037ca57,soerensen2010,marine_limiting,"Lønstrup, Hjørring",K-7097,57.47103321215619,9.765559120703104,inferred_map,1000.0,-11.0,MSL,SRTM15+V2,subtidal_facies,radiocarbon-dated subfossil cetacean remain; marine limiting,null,"[1.27, 1.39]",radiocarbon,"Specimen 10: B. mysticetus/E. glacialis Mandible from Lønstrup, Hjørring; 14C age 1400 ± 75; calibrated age 1,270-1,390.","Lønstrup, Hjørring","Late Pleistocene and Holocene whale remains (Cetacea) from Denmark and adjacent countries: Species, distribution, chronology, and trace element concentrations",https://doi.org/10.1111/j.1748-7692.2009.00356.x,0.75,Extracted from Soerensen et al. Table 2 of dated subfossil whale remains. Cetacean remains are treated as marine-limiting constraints; no source elevation was reported in the table. Coordinate taken from authoritative manual geocode table soerensen2010.geojson using key '10'.,"{""page"": ""6"", ""figure"": null, ""table"": ""oratores. e carate ate s gven as te outer ounares coverng t C is the stable isotope ratio C/C measured against Vienna Pee Dee Belemnite (VPDB, the intern iThlibddiihbdiihil\u00b11 on dating has been performed by the conventional method by use of a proportional counter (Conv. 1312) e wae emans an e esus o e aocaon ang ( o e ae specmens pus one ts; see Table 5). The column \u201cElement dated\u201d indicates which part of the whale has been sampled. Th dhlridthrltfthrdirbdti16fthdtdil"", ""section"": null, ""quote_or_paraphrase"": ""10 | B. mysticetus/E. glacialis | Mandible | 37/1897 | L\u00f8nstrup, Hj\u00f8rring | Conv. | K-7097 | 1400 \u00b1 75 | -15.5 | 1,270-1,390 | ""}","{""reported_elevation_m"": null, ""reported_depth_m"": null, ""reported_datum"": null, ""reported_uncertainty_m"": null}","{""raw_raster_value_m"": -11.0, ""applied_correction_m"": null, ""derived_elevation_m"": -11.0, ""derived_depth_m"": 11.0, ""derivation_notes"": ""Elevation sampled from SRTM15+V2 at authoritative coordinates because source elevation was not reported.""}","[{""method"": ""radiocarbon"", ""relation"": ""range"", ""age_ka"": [1.27, 1.39], ""uncertainty_ka"": 0.075, ""material"": ""B. mysticetus/E. glacialis; Mandible; ZMUC 37/1897; delta13C -15.5"", ""notes"": ""14C age 1400 \u00b1 75; calibrated age BP 1,270-1,390; method Conv..""}]",-11,-11,-11,-11
7ed4f246ed26784f3d93989c9e8e55343d5efced2c6ae72a579d55b3e52d7c4e,soerensen2010,marine_limiting,"Strandby, Hjørring",K-6820,57.49841579353383,10.473653249083716,inferred_map,1000.0,2.0,MSL,SRTM15+V2,subtidal_facies,radiocarbon-dated subfossil cetacean remain; marine limiting,null,"[1.31, 1.51]",radiocarbon,"Specimen 11: B. mysticetus Radius from Strandby, Hjørring; 14C age 1500 ± 65; calibrated age 1,310-1,510.","Strandby, Hjørring","Late Pleistocene and Holocene whale remains (Cetacea) from Denmark and adjacent countries: Species, distribution, chronology, and trace element concentrations",https://doi.org/10.1111/j.1748-7692.2009.00356.x,0.75,Extracted from Soerensen et al. Table 2 of dated subfossil whale remains. Cetacean remains are treated as marine-limiting constraints; no source elevation was reported in the table. Coordinate taken from authoritative manual geocode table soerensen2010.geojson using key '11'.,"{""page"": ""6"", ""figure"": null, ""table"": ""oratores. e carate ate s gven as te outer ounares coverng t C is the stable isotope ratio C/C measured against Vienna Pee Dee Belemnite (VPDB, the intern iThlibddiihbdiihil\u00b11 on dating has been performed by the conventional method by use of a proportional counter (Conv. 1312) e wae emans an e esus o e aocaon ang ( o e ae specmens pus one ts; see Table 5). The column \u201cElement dated\u201d indicates which part of the whale has been sampled. Th dhlridthrltfthrdirbdti16fthdtdil"", ""section"": null, ""quote_or_paraphrase"": ""11 | B. mysticetus | Radius | 103/1946 | Strandby, Hj\u00f8rring | Conv. | K-6820 | 1500 \u00b1 65 | -13.5 | 1,310-1,510 | ""}","{""reported_elevation_m"": null, ""reported_depth_m"": null, ""reported_datum"": null, ""reported_uncertainty_m"": null}","{""raw_raster_value_m"": 2.0, ""applied_correction_m"": null, ""derived_elevation_m"": 2.0, ""derived_depth_m"": null, ""derivation_notes"": ""Elevation sampled from SRTM15+V2 at authoritative coordinates because source elevation was not reported.""}","[{""method"": ""radiocarbon"", ""relation"": ""range"", ""age_ka"": [1.31, 1.51], ""uncertainty_ka"": 0.065, ""material"": ""B. mysticetus; Radius; ZMUC 103/1946; delta13C -13.5"", ""notes"": ""14C age 1500 \u00b1 65; calibrated age BP 1,310-1,510; method Conv..""}]",2,2,2,2
884dce9fb42ed4c4adcdb9d93c36ffb2720aca843c3fa67956158189c3f6e3ee,soerensen2010,marine_limiting,"Zingst, Stralsund, Germany",K-7096,54.44238632967003,12.72868682819512,inferred_map,1000.0,-1.0,MSL,SRTM15+V2,subtidal_facies,radiocarbon-dated subfossil cetacean remain; marine limiting,null,"[1.42, 1.69]",radiocarbon,"Specimen 12: B. mysticetus/E. glacialis Lumbar vertebra from Zingst, Stralsund, Germany; 14C age 1660 ± 65; calibrated age 1,420-1,690.","Zingst, Stralsund, Germany","Late Pleistocene and Holocene whale remains (Cetacea) from Denmark and adjacent countries: Species, distribution, chronology, and trace element concentrations",https://doi.org/10.1111/j.1748-7692.2009.00356.x,0.75,Extracted from Soerensen et al. Table 2 of dated subfossil whale remains. Cetacean remains are treated as marine-limiting constraints; no source elevation was reported in the table. Coordinate taken from authoritative manual geocode table soerensen2010.geojson using key '12'.,"{""page"": ""6"", ""figure"": null, ""table"": ""oratores. e carate ate s gven as te outer ounares coverng t C is the stable isotope ratio C/C measured against Vienna Pee Dee Belemnite (VPDB, the intern iThlibddiihbdiihil\u00b11 on dating has been performed by the conventional method by use of a proportional counter (Conv. 1312) e wae emans an e esus o e aocaon ang ( o e ae specmens pus one ts; see Table 5). The column \u201cElement dated\u201d indicates which part of the whale has been sampled. Th dhlridthrltfthrdirbdti16fthdtdil"", ""section"": null, ""quote_or_paraphrase"": ""12 | B. mysticetus/E. glacialis | Lumbar vertebra | 29/1999 | Zingst, Stralsund, Germany | Conv. | K-7096 | 1660 \u00b1 65 | -16.2 | 1,420-1,690 | ""}","{""reported_elevation_m"": null, ""reported_depth_m"": null, ""reported_datum"": null, ""reported_uncertainty_m"": null}","{""raw_raster_value_m"": -1.0, ""applied_correction_m"": null, ""derived_elevation_m"": -1.0, ""derived_depth_m"": 1.0, ""derivation_notes"": ""Elevation sampled from SRTM15+V2 at authoritative coordinates because source elevation was not reported.""}","[{""method"": ""radiocarbon"", ""relation"": ""range"", ""age_ka"": [1.42, 1.69], ""uncertainty_ka"": 0.065, ""material"": ""B. mysticetus/E. glacialis; Lumbar vertebra; ZMUC 29/1999; delta13C -16.2"", ""notes"": ""14C age 1660 \u00b1 65; calibrated age BP 1,420-1,690; method Conv..""}]",-1,-1,-1,-1
b65d2b6b90282e69b313cd4e608df1a1e2f00224ecef68430d3411decddd47da,soerensen2010,marine_limiting,"Lerbæk Mark, Hjørring",K-6828,57.47925014225567,10.546670149612174,inferred_map,1000.0,-8.0,MSL,SRTM15+V2,subtidal_facies,radiocarbon-dated subfossil cetacean remain; marine limiting,null,"[2.49, 2.76]",radiocarbon,"Specimen 13: P. macrocephalus Humerus from Lerbæk Mark, Hjørring; 14C age 2560 ± 80; calibrated age 2,490-2,760.","Lerbæk Mark, Hjørring","Late Pleistocene and Holocene whale remains (Cetacea) from Denmark and adjacent countries: Species, distribution, chronology, and trace element concentrations",https://doi.org/10.1111/j.1748-7692.2009.00356.x,0.75,Extracted from Soerensen et al. Table 2 of dated subfossil whale remains. Cetacean remains are treated as marine-limiting constraints; no source elevation was reported in the table. Coordinate taken from authoritative manual geocode table soerensen2010.geojson using key '13'.,"{""page"": ""6"", ""figure"": null, ""table"": ""oratores. e carate ate s gven as te outer ounares coverng t C is the stable isotope ratio C/C measured against Vienna Pee Dee Belemnite (VPDB, the intern iThlibddiihbdiihil\u00b11 on dating has been performed by the conventional method by use of a proportional counter (Conv. 1312) e wae emans an e esus o e aocaon ang ( o e ae specmens pus one ts; see Table 5). The column \u201cElement dated\u201d indicates which part of the whale has been sampled. Th dhlridthrltfthrdirbdti16fthdtdil"", ""section"": null, ""quote_or_paraphrase"": ""13 | P. macrocephalus | Humerus | 17/1997 | Lerb\u00e6k Mark, Hj\u00f8rring | Conv. | K-6828 | 2560 \u00b1 80 | -14.0 | 2,490-2,760 | ""}","{""reported_elevation_m"": null, ""reported_depth_m"": null, ""reported_datum"": null, ""reported_uncertainty_m"": null}","{""raw_raster_value_m"": -8.0, ""applied_correction_m"": null, ""derived_elevation_m"": -8.0, ""derived_depth_m"": 8.0, ""derivation_notes"": ""Elevation sampled from SRTM15+V2 at authoritative coordinates because source elevation was not reported.""}","[{""method"": ""radiocarbon"", ""relation"": ""range"", ""age_ka"": [2.49, 2.76], ""uncertainty_ka"": 0.08, ""material"": ""P. macrocephalus; Humerus; ZMUC 17/1997; delta13C -14.0"", ""notes"": ""14C age 2560 \u00b1 80; calibrated age BP 2,490-2,760; method Conv..""}]",-8,-8,-8,-8
40f4787a6d05e031e85fee89e202f543615a5c6b7271caa0d8b481b0d5c5b0b8,soerensen2010,marine_limiting,"Bannerslund mark, Hjørring",K-6825,57.47285935632532,10.553462419428774,inferred_map,1000.0,-10.0,MSL,SRTM15+V2,subtidal_facies,radiocarbon-dated subfossil cetacean remain; marine limiting,null,"[2.79, 3.0]",radiocarbon,"Specimen 14: O. orca Vertebra from Bannerslund mark, Hjørring; 14C age 2810 ± 75; calibrated age 2,790–3,000.","Bannerslund mark, Hjørring","Late Pleistocene and Holocene whale remains (Cetacea) from Denmark and adjacent countries: Species, distribution, chronology, and trace element concentrations",https://doi.org/10.1111/j.1748-7692.2009.00356.x,0.75,Extracted from Soerensen et al. Table 2 of dated subfossil whale remains. Cetacean remains are treated as marine-limiting constraints; no source elevation was reported in the table. Coordinate taken from authoritative manual geocode table soerensen2010.geojson using key '14'.,"{""page"": ""7"", ""figure"": null, ""table"": ""Table 2. (Continued)"", ""section"": null, ""quote_or_paraphrase"": ""14 | O. orca | Vertebra | 22/1997 | Bannerslund mark, Hj\u00f8rring | Conv. | K-6825 | 2810 \u00b1 75 | -12.4 | 2,790\u20133,000 | ""}","{""reported_elevation_m"": null, ""reported_depth_m"": null, ""reported_datum"": null, ""reported_uncertainty_m"": null}","{""raw_raster_value_m"": -10.0, ""applied_correction_m"": null, ""derived_elevation_m"": -10.0, ""derived_depth_m"": 10.0, ""derivation_notes"": ""Elevation sampled from SRTM15+V2 at authoritative coordinates because source elevation was not reported.""}","[{""method"": ""radiocarbon"", ""relation"": ""range"", ""age_ka"": [2.79, 3.0], ""uncertainty_ka"": 0.075, ""material"": ""O. orca; Vertebra; ZMUC 22/1997; delta13C -12.4"", ""notes"": ""14C age 2810 \u00b1 75; calibrated age BP 2,790\u20133,000; method Conv..""}]",-10,-10,-10,-10
32bea803099e3b66748bd8e49b2dc92046ec6374bd2c36ec56ba1fe74ba0721e,soerensen2010,marine_limiting,"Vængesø, Randers",K-5661,56.15316827061138,10.526293340162372,inferred_map,1000.0,13.0,MSL,SRTM15+V2,subtidal_facies,radiocarbon-dated subfossil cetacean remain; marine limiting,null,"[2.89, 3.16]",radiocarbon,"Specimen 15: B. physalus Skull from Vængesø, Randers; 14C age 2890 ± 80; calibrated age 2,890–3,160.","Vængesø, Randers","Late Pleistocene and Holocene whale remains (Cetacea) from Denmark and adjacent countries: Species, distribution, chronology, and trace element concentrations",https://doi.org/10.1111/j.1748-7692.2009.00356.x,0.75,Extracted from Soerensen et al. Table 2 of dated subfossil whale remains. Cetacean remains are treated as marine-limiting constraints; no source elevation was reported in the table. Coordinate taken from authoritative manual geocode table soerensen2010.geojson using key '15'.,"{""page"": ""7"", ""figure"": null, ""table"": ""Table 2. (Continued)"", ""section"": null, ""quote_or_paraphrase"": ""15 | B. physalus | Skull | 1/1921 | V\u00e6nges\u00f8, Randers | Conv. | K-5661 | 2890 \u00b1 80 | -15.1 | 2,890\u20133,160 | ""}","{""reported_elevation_m"": null, ""reported_depth_m"": null, ""reported_datum"": null, ""reported_uncertainty_m"": null}","{""raw_raster_value_m"": 13.0, ""applied_correction_m"": null, ""derived_elevation_m"": 13.0, ""derived_depth_m"": null, ""derivation_notes"": ""Elevation sampled from SRTM15+V2 at authoritative coordinates because source elevation was not reported.""}","[{""method"": ""radiocarbon"", ""relation"": ""range"", ""age_ka"": [2.89, 3.16], ""uncertainty_ka"": 0.08, ""material"": ""B. physalus; Skull; ZMUC 1/1921; delta13C -15.1"", ""notes"": ""14C age 2890 \u00b1 80; calibrated age BP 2,890\u20133,160; method Conv..""}]",13,13,13,13
1f5d621bcf5de5f5f9e4ac6e6fe1b48dd7aa1f800a55f55ebcdc7f4108369ce8,soerensen2010,marine_limiting,"Læsø, Klitgård N. for Byrum, Hjørring",K-2576,57.27786176674117,11.018732901865917,inferred_map,1000.0,12.0,MSL,SRTM15+V2,subtidal_facies,radiocarbon-dated subfossil cetacean remain; marine limiting,null,"[2.96, 3.21]",radiocarbon,"Specimen 16: P. macrocephalus Tooth from Læsø, Klitgård N. for Byrum, Hjørring; 14C age 2920 ± 85; calibrated age 2,960–3,210.","Læsø, Klitgård N. for Byrum, Hjørring","Late Pleistocene and Holocene whale remains (Cetacea) from Denmark and adjacent countries: Species, distribution, chronology, and trace element concentrations",https://doi.org/10.1111/j.1748-7692.2009.00356.x,0.75,Extracted from Soerensen et al. Table 2 of dated subfossil whale remains. Cetacean remains are treated as marine-limiting constraints; no source elevation was reported in the table. Coordinate taken from authoritative manual geocode table soerensen2010.geojson using key '16'.,"{""page"": ""7"", ""figure"": null, ""table"": ""Table 2. (Continued)"", ""section"": null, ""quote_or_paraphrase"": ""16 | P. macrocephalus | Tooth | 12/1872 | L\u00e6s\u00f8, Klitg\u00e5rd N. for Byrum, Hj\u00f8rring | Conv. | K-2576 | 2920 \u00b1 85 | -11.4 | 2,960\u20133,210 | (Hansen 1977)""}","{""reported_elevation_m"": null, ""reported_depth_m"": null, ""reported_datum"": null, ""reported_uncertainty_m"": null}","{""raw_raster_value_m"": 12.0, ""applied_correction_m"": null, ""derived_elevation_m"": 12.0, ""derived_depth_m"": null, ""derivation_notes"": ""Elevation sampled from SRTM15+V2 at authoritative coordinates because source elevation was not reported.""}","[{""method"": ""radiocarbon"", ""relation"": ""range"", ""age_ka"": [2.96, 3.21], ""uncertainty_ka"": 0.085, ""material"": ""P. macrocephalus; Tooth; ZMUC 12/1872; delta13C -11.4"", ""notes"": ""14C age 2920 \u00b1 85; calibrated age BP 2,960\u20133,210; method Conv..""}]",12,12,12,12
2e5a0402a61a7a8cf098b04b7598a409f274a70ed74669d115cd2fcf415ff46f,soerensen2010,marine_limiting,"Vust, Thisted",K-6766,57.12609373587394,9.040484317780988,inferred_map,1000.0,7.0,MSL,SRTM15+V2,subtidal_facies,radiocarbon-dated subfossil cetacean remain; marine limiting,null,"[3.38, 3.58]",radiocarbon,"Specimen 17: O. orca Skull from Vust, Thisted; 14C age 3250 ± 95; calibrated age 3,380–3,580.","Vust, Thisted","Late Pleistocene and Holocene whale remains (Cetacea) from Denmark and adjacent countries: Species, distribution, chronology, and trace element concentrations",https://doi.org/10.1111/j.1748-7692.2009.00356.x,0.75,Extracted from Soerensen et al. Table 2 of dated subfossil whale remains. Cetacean remains are treated as marine-limiting constraints; no source elevation was reported in the table. Coordinate taken from authoritative manual geocode table soerensen2010.geojson using key '17'.,"{""page"": ""7"", ""figure"": null, ""table"": ""Table 2. (Continued)"", ""section"": null, ""quote_or_paraphrase"": ""17 | O. orca | Skull | 10/1941 | Vust, Thisted | Conv. | K-6766 | 3250 \u00b1 95 | -11.4 | 3,380\u20133,580 | ""}","{""reported_elevation_m"": null, ""reported_depth_m"": null, ""reported_datum"": null, ""reported_uncertainty_m"": null}","{""raw_raster_value_m"": 7.0, ""applied_correction_m"": null, ""derived_elevation_m"": 7.0, ""derived_depth_m"": null, ""derivation_notes"": ""Elevation sampled from SRTM15+V2 at authoritative coordinates because source elevation was not reported.""}","[{""method"": ""radiocarbon"", ""relation"": ""range"", ""age_ka"": [3.38, 3.58], ""uncertainty_ka"": 0.095, ""material"": ""O. orca; Skull; ZMUC 10/1941; delta13C -11.4"", ""notes"": ""14C age 3250 \u00b1 95; calibrated age BP 3,380\u20133,580; method Conv..""}]",7,7,7,7
20c27a73c045f014c2147a6f088574817cf1da9ead3c011b63486e95ee3170a8,soerensen2010,marine_limiting,"Nordby Hede, Samsø, Holbæk",K-6770,55.94167979395729,10.580631498695178,inferred_map,1000.0,7.0,MSL,SRTM15+V2,subtidal_facies,radiocarbon-dated subfossil cetacean remain; marine limiting,null,"[3.7, 3.96]",radiocarbon,"Specimen 18: B. cf. acutorostrata Skull, squamous part from Nordby Hede, Samsø, Holbæk; 14C age 3540 ± 90; calibrated age 3,700–3,960.","Nordby Hede, Samsø, Holbæk","Late Pleistocene and Holocene whale remains (Cetacea) from Denmark and adjacent countries: Species, distribution, chronology, and trace element concentrations",https://doi.org/10.1111/j.1748-7692.2009.00356.x,0.75,Extracted from Soerensen et al. Table 2 of dated subfossil whale remains. Cetacean remains are treated as marine-limiting constraints; no source elevation was reported in the table. Coordinate taken from authoritative manual geocode table soerensen2010.geojson using key '18'.,"{""page"": ""7"", ""figure"": null, ""table"": ""Table 2. (Continued)"", ""section"": null, ""quote_or_paraphrase"": ""18 | B. cf. acutorostrata | Skull, squamous part | 56/1981 | Nordby Hede, Sams\u00f8, Holb\u00e6k | Conv. | K-6770 | 3540 \u00b1 90 | -15.4 | 3,700\u20133,960 | ""}","{""reported_elevation_m"": null, ""reported_depth_m"": null, ""reported_datum"": null, ""reported_uncertainty_m"": null}","{""raw_raster_value_m"": 7.0, ""applied_correction_m"": null, ""derived_elevation_m"": 7.0, ""derived_depth_m"": null, ""derivation_notes"": ""Elevation sampled from SRTM15+V2 at authoritative coordinates because source elevation was not reported.""}","[{""method"": ""radiocarbon"", ""relation"": ""range"", ""age_ka"": [3.7, 3.96], ""uncertainty_ka"": 0.09, ""material"": ""B. cf. acutorostrata; Skull, squamous part; ZMUC 56/1981; delta13C -15.4"", ""notes"": ""14C age 3540 \u00b1 90; calibrated age BP 3,700\u20133,960; method Conv..""}]",7,7,7,7
54f5cd3158e9a93a313b3e8b7d2457e002633658e05a1a317f5bff7db1caf478,soerensen2010,marine_limiting,"Rörvik, Bohus Län, Sweden",AAR-7984,58.69541531263743,11.263254615263543,inferred_map,1000.0,21.0,MSL,SRTM15+V2,subtidal_facies,radiocarbon-dated subfossil cetacean remain; marine limiting,null,"[4.62, 4.85]",radiocarbon,"Specimen 19: B. mysticetus Skull from Rörvik, Bohus Län, Sweden; 14C age 4210 ± 80; calibrated age 4,620–4,850.","Rörvik, Bohus Län, Sweden","Late Pleistocene and Holocene whale remains (Cetacea) from Denmark and adjacent countries: Species, distribution, chronology, and trace element concentrations",https://doi.org/10.1111/j.1748-7692.2009.00356.x,0.75,Extracted from Soerensen et al. Table 2 of dated subfossil whale remains. Cetacean remains are treated as marine-limiting constraints; no source elevation was reported in the table. Coordinate taken from authoritative manual geocode table soerensen2010.geojson using key '19'.,"{""page"": ""7"", ""figure"": null, ""table"": ""Table 2. (Continued)"", ""section"": null, ""quote_or_paraphrase"": ""19 | B. mysticetus | Skull | 66/2000 | R\u00f6rvik, Bohus L\u00e4n, Sweden | AMS | AAR-7984 | 4210 \u00b1 80 | -15.72 | 4,620\u20134,850 | ""}","{""reported_elevation_m"": null, ""reported_depth_m"": null, ""reported_datum"": null, ""reported_uncertainty_m"": null}","{""raw_raster_value_m"": 21.0, ""applied_correction_m"": null, ""derived_elevation_m"": 21.0, ""derived_depth_m"": null, ""derivation_notes"": ""Elevation sampled from SRTM15+V2 at authoritative coordinates because source elevation was not reported.""}","[{""method"": ""radiocarbon"", ""relation"": ""range"", ""age_ka"": [4.62, 4.85], ""uncertainty_ka"": 0.08, ""material"": ""B. mysticetus; Skull; ZMUC 66/2000; delta13C -15.72"", ""notes"": ""14C age 4210 \u00b1 80; calibrated age BP 4,620\u20134,850; method AMS.""}]",21,21,21,21
7c66613d06e2eadcc2a77174b3d94b046920b5eaf4d62655881a32b319ff6dec,soerensen2010,marine_limiting,"Lyngby, Thisted",K-7094,56.872686301065094,8.25258101905532,inferred_map,1000.0,-10.0,MSL,SRTM15+V2,subtidal_facies,radiocarbon-dated subfossil cetacean remain; marine limiting,null,"[4.62, 4.96]",radiocarbon,"Specimen 20: B. mysticetus Skull, occipital part from Lyngby, Thisted; 14C age 4250 ± 90; calibrated age 4,620–4,960.","Lyngby, Thisted","Late Pleistocene and Holocene whale remains (Cetacea) from Denmark and adjacent countries: Species, distribution, chronology, and trace element concentrations",https://doi.org/10.1111/j.1748-7692.2009.00356.x,0.75,Extracted from Soerensen et al. Table 2 of dated subfossil whale remains. Cetacean remains are treated as marine-limiting constraints; no source elevation was reported in the table. Coordinate taken from authoritative manual geocode table soerensen2010.geojson using key '20'.,"{""page"": ""7"", ""figure"": null, ""table"": ""Table 2. (Continued)"", ""section"": null, ""quote_or_paraphrase"": ""20 | B. mysticetus | Skull, occipital part | 27/1999 | Lyngby, Thisted | Conv. | K-7094 | 4250 \u00b1 90 | -16.1 | 4,620\u20134,960 | ""}","{""reported_elevation_m"": null, ""reported_depth_m"": null, ""reported_datum"": null, ""reported_uncertainty_m"": null}","{""raw_raster_value_m"": -10.0, ""applied_correction_m"": null, ""derived_elevation_m"": -10.0, ""derived_depth_m"": 10.0, ""derivation_notes"": ""Elevation sampled from SRTM15+V2 at authoritative coordinates because source elevation was not reported.""}","[{""method"": ""radiocarbon"", ""relation"": ""range"", ""age_ka"": [4.62, 4.96], ""uncertainty_ka"": 0.09, ""material"": ""B. mysticetus; Skull, occipital part; ZMUC 27/1999; delta13C -16.1"", ""notes"": ""14C age 4250 \u00b1 90; calibrated age BP 4,620\u20134,960; method Conv..""}]",-10,-10,-10,-10
85d2c7dd19e10beea523b86db1d6abca502efde8cde806857bbcdaa3b75d7917,soerensen2010,marine_limiting,"Ballerum, Thisted",K-6036,57.08828485381421,8.71445536658416,inferred_map,1000.0,34.0,MSL,SRTM15+V2,subtidal_facies,radiocarbon-dated subfossil cetacean remain; marine limiting,null,"[5.07, 5.57]",radiocarbon,"Specimen 21: B. mysticetus/E.glacialis Rib from Ballerum, Thisted; 14C age 4610 ± 85; calibrated age 5,070–5,570.","Ballerum, Thisted","Late Pleistocene and Holocene whale remains (Cetacea) from Denmark and adjacent countries: Species, distribution, chronology, and trace element concentrations",https://doi.org/10.1111/j.1748-7692.2009.00356.x,0.75,Extracted from Soerensen et al. Table 2 of dated subfossil whale remains. Cetacean remains are treated as marine-limiting constraints; no source elevation was reported in the table. Coordinate taken from authoritative manual geocode table soerensen2010.geojson using key '21'.,"{""page"": ""7"", ""figure"": null, ""table"": ""Table 2. (Continued)"", ""section"": null, ""quote_or_paraphrase"": ""21 | B. mysticetus/E.glacialis | Rib | 1/1968 | Ballerum, Thisted | Conv. | K-6036 | 4610 \u00b1 85 | -14.4 | 5,070\u20135,570 | ""}","{""reported_elevation_m"": null, ""reported_depth_m"": null, ""reported_datum"": null, ""reported_uncertainty_m"": null}","{""raw_raster_value_m"": 34.0, ""applied_correction_m"": null, ""derived_elevation_m"": 34.0, ""derived_depth_m"": null, ""derivation_notes"": ""Elevation sampled from SRTM15+V2 at authoritative coordinates because source elevation was not reported.""}","[{""method"": ""radiocarbon"", ""relation"": ""range"", ""age_ka"": [5.07, 5.57], ""uncertainty_ka"": 0.085, ""material"": ""B. mysticetus/E.glacialis; Rib; ZMUC 1/1968; delta13C -14.4"", ""notes"": ""14C age 4610 \u00b1 85; calibrated age BP 5,070\u20135,570; method Conv..""}]",34,34,34,34
a749c30ba4d2b74003bf5d0e59b8c4a2fa52acbc3047291b43b1f1ec604841ac,soerensen2010,marine_limiting,"Åsted, Viborg",K-5998,56.79000339926469,8.996334563973086,inferred_map,1000.0,10.0,MSL,SRTM15+V2,subtidal_facies,radiocarbon-dated subfossil cetacean remain; marine limiting,null,"[5.67, 5.91]",radiocarbon,"Specimen 22: B. physalus Vertebra from Åsted, Viborg; 14C age 5060 ± 95; calibrated age 5,670–5,910.","Åsted, Viborg","Late Pleistocene and Holocene whale remains (Cetacea) from Denmark and adjacent countries: Species, distribution, chronology, and trace element concentrations",https://doi.org/10.1111/j.1748-7692.2009.00356.x,0.75,Extracted from Soerensen et al. Table 2 of dated subfossil whale remains. Cetacean remains are treated as marine-limiting constraints; no source elevation was reported in the table. Coordinate taken from authoritative manual geocode table soerensen2010.geojson using key '22'.,"{""page"": ""7"", ""figure"": null, ""table"": ""Table 2. (Continued)"", ""section"": null, ""quote_or_paraphrase"": ""22 | B. physalus | Vertebra | 12/1988 | \u00c5sted, Viborg | Conv. | K-5998 | 5060 \u00b1 95 | -13.8 | 5,670\u20135,910 | (Stenstrop 1994)""}","{""reported_elevation_m"": null, ""reported_depth_m"": null, ""reported_datum"": null, ""reported_uncertainty_m"": null}","{""raw_raster_value_m"": 10.0, ""applied_correction_m"": null, ""derived_elevation_m"": 10.0, ""derived_depth_m"": null, ""derivation_notes"": ""Elevation sampled from SRTM15+V2 at authoritative coordinates because source elevation was not reported.""}","[{""method"": ""radiocarbon"", ""relation"": ""range"", ""age_ka"": [5.67, 5.91], ""uncertainty_ka"": 0.095, ""material"": ""B. physalus; Vertebra; ZMUC 12/1988; delta13C -13.8"", ""notes"": ""14C age 5060 \u00b1 95; calibrated age BP 5,670\u20135,910; method Conv..""}]",10,10,10,10
868189f4c1ba3208f834381f4545fe1e81c29793c5cf5fb7536a591ee38ea324,soerensen2010,marine_limiting,"Holmeenge I, Randers",K-6803,56.52962148509043,10.719873029935489,inferred_map,1000.0,8.0,MSL,SRTM15+V2,subtidal_facies,radiocarbon-dated subfossil cetacean remain; marine limiting,null,"[5.74, 5.99]",radiocarbon,"Specimen 23: B. acutorostrata Vertebra from Holmeenge I, Randers; 14C age 5130 ± 100; calibrated age 5,740–5,990.","Holmeenge I, Randers","Late Pleistocene and Holocene whale remains (Cetacea) from Denmark and adjacent countries: Species, distribution, chronology, and trace element concentrations",https://doi.org/10.1111/j.1748-7692.2009.00356.x,0.75,Extracted from Soerensen et al. Table 2 of dated subfossil whale remains. Cetacean remains are treated as marine-limiting constraints; no source elevation was reported in the table. Coordinate taken from authoritative manual geocode table soerensen2010.geojson using key '23'.,"{""page"": ""7"", ""figure"": null, ""table"": ""Table 2. (Continued)"", ""section"": null, ""quote_or_paraphrase"": ""23 | B. acutorostrata | Vertebra | 127/1964 | Holmeenge I, Randers | Conv. | K-6803 | 5130 \u00b1 100 | -14.7 | 5,740\u20135,990 | ""}","{""reported_elevation_m"": null, ""reported_depth_m"": null, ""reported_datum"": null, ""reported_uncertainty_m"": null}","{""raw_raster_value_m"": 8.0, ""applied_correction_m"": null, ""derived_elevation_m"": 8.0, ""derived_depth_m"": null, ""derivation_notes"": ""Elevation sampled from SRTM15+V2 at authoritative coordinates because source elevation was not reported.""}","[{""method"": ""radiocarbon"", ""relation"": ""range"", ""age_ka"": [5.74, 5.99], ""uncertainty_ka"": 0.1, ""material"": ""B. acutorostrata; Vertebra; ZMUC 127/1964; delta13C -14.7"", ""notes"": ""14C age 5130 \u00b1 100; calibrated age BP 5,740\u20135,990; method Conv..""}]",8,8,8,8
e12db03c04f863e5237b2e37bdbe85e9a7ee068c08c6205e7a6b57da6f16f28e,soerensen2010,marine_limiting,"Tastum Sø, Viborg",K-6797,56.55115472508597,9.067653397047392,inferred_map,1000.0,7.0,MSL,SRTM15+V2,subtidal_facies,radiocarbon-dated subfossil cetacean remain; marine limiting,null,"[5.75, 6.0]",radiocarbon,"Specimen 24: Balaenoptera cf. musculus Skull, occipital part from Tastum Sø, Viborg; 14C age 5160 ± 90; calibrated age 5,750–6,000.","Tastum Sø, Viborg","Late Pleistocene and Holocene whale remains (Cetacea) from Denmark and adjacent countries: Species, distribution, chronology, and trace element concentrations",https://doi.org/10.1111/j.1748-7692.2009.00356.x,0.75,Extracted from Soerensen et al. Table 2 of dated subfossil whale remains. Cetacean remains are treated as marine-limiting constraints; no source elevation was reported in the table. Coordinate taken from authoritative manual geocode table soerensen2010.geojson using key '24'.,"{""page"": ""7"", ""figure"": null, ""table"": ""Table 2. (Continued)"", ""section"": null, ""quote_or_paraphrase"": ""24 | Balaenoptera cf. musculus | Skull, occipital part | 5/1964 | Tastum S\u00f8, Viborg | Conv. | K-6797 | 5160 \u00b1 90 | -14.4 | 5,750\u20136,000 | ""}","{""reported_elevation_m"": null, ""reported_depth_m"": null, ""reported_datum"": null, ""reported_uncertainty_m"": null}","{""raw_raster_value_m"": 7.0, ""applied_correction_m"": null, ""derived_elevation_m"": 7.0, ""derived_depth_m"": null, ""derivation_notes"": ""Elevation sampled from SRTM15+V2 at authoritative coordinates because source elevation was not reported.""}","[{""method"": ""radiocarbon"", ""relation"": ""range"", ""age_ka"": [5.75, 6.0], ""uncertainty_ka"": 0.09, ""material"": ""Balaenoptera cf. musculus; Skull, occipital part; ZMUC 5/1964; delta13C -14.4"", ""notes"": ""14C age 5160 \u00b1 90; calibrated age BP 5,750\u20136,000; method Conv..""}]",7,7,7,7
e38cefefb279e9eac1f4415b59fac873b9b985aaca93e725861741fadad41fe2,soerensen2010,marine_limiting,"Ballerum, Thisted",K-6213,57.08551683545545,8.801056806745818,inferred_map,1000.0,5.0,MSL,SRTM15+V2,subtidal_facies,radiocarbon-dated subfossil cetacean remain; marine limiting,null,"[7.18, 7.43]",radiocarbon,"Specimen 25: E.glacialis Limb bone from Ballerum, Thisted; 14C age 6410 ± 110; calibrated age 7,180–7,430.","Ballerum, Thisted","Late Pleistocene and Holocene whale remains (Cetacea) from Denmark and adjacent countries: Species, distribution, chronology, and trace element concentrations",https://doi.org/10.1111/j.1748-7692.2009.00356.x,0.75,Extracted from Soerensen et al. Table 2 of dated subfossil whale remains. Cetacean remains are treated as marine-limiting constraints; no source elevation was reported in the table. Coordinate taken from authoritative manual geocode table soerensen2010.geojson using key '25'.,"{""page"": ""7"", ""figure"": null, ""table"": ""Table 2. (Continued)"", ""section"": null, ""quote_or_paraphrase"": ""25 | E.glacialis | Limb bone | 71/1965 | Ballerum, Thisted | Conv. | K-6213 | 6410 \u00b1 110 | -16.9 | 7,180\u20137,430 | ""}","{""reported_elevation_m"": null, ""reported_depth_m"": null, ""reported_datum"": null, ""reported_uncertainty_m"": null}","{""raw_raster_value_m"": 5.0, ""applied_correction_m"": null, ""derived_elevation_m"": 5.0, ""derived_depth_m"": null, ""derivation_notes"": ""Elevation sampled from SRTM15+V2 at authoritative coordinates because source elevation was not reported.""}","[{""method"": ""radiocarbon"", ""relation"": ""range"", ""age_ka"": [7.18, 7.43], ""uncertainty_ka"": 0.11, ""material"": ""E.glacialis; Limb bone; ZMUC 71/1965; delta13C -16.9"", ""notes"": ""14C age 6410 \u00b1 110; calibrated age BP 7,180\u20137,430; method Conv..""}]",5,5,5,5
8aacb9e9ddbcf236818f4dff0a2dc8a9a39cedbbb77e6ed342a9a7f883662d55,soerensen2010,marine_limiting,"Gniben, Sjællands Odde, Holbæk",K-6767,55.999646126128816,11.287027559621638,inferred_map,1000.0,2.0,MSL,SRTM15+V2,subtidal_facies,radiocarbon-dated subfossil cetacean remain; marine limiting,null,"[7.33, 7.56]",radiocarbon,"Specimen 26: L. albirostris Skull from Gniben, Sjællands Odde, Holbæk; 14C age 6530 ± 110; calibrated age 7,330–7,560.","Gniben, Sjællands Odde, Holbæk","Late Pleistocene and Holocene whale remains (Cetacea) from Denmark and adjacent countries: Species, distribution, chronology, and trace element concentrations",https://doi.org/10.1111/j.1748-7692.2009.00356.x,0.75,Extracted from Soerensen et al. Table 2 of dated subfossil whale remains. Cetacean remains are treated as marine-limiting constraints; no source elevation was reported in the table. Coordinate taken from authoritative manual geocode table soerensen2010.geojson using key '26'.,"{""page"": ""7"", ""figure"": null, ""table"": ""Table 2. (Continued)"", ""section"": null, ""quote_or_paraphrase"": ""26 | L. albirostris | Skull | 5/1896 | Gniben, Sj\u00e6llands Odde, Holb\u00e6k | Conv. | K-6767 | 6530 \u00b1 110 | -13.0 | 7,330\u20137,560 | ""}","{""reported_elevation_m"": null, ""reported_depth_m"": null, ""reported_datum"": null, ""reported_uncertainty_m"": null}","{""raw_raster_value_m"": 2.0, ""applied_correction_m"": null, ""derived_elevation_m"": 2.0, ""derived_depth_m"": null, ""derivation_notes"": ""Elevation sampled from SRTM15+V2 at authoritative coordinates because source elevation was not reported.""}","[{""method"": ""radiocarbon"", ""relation"": ""range"", ""age_ka"": [7.33, 7.56], ""uncertainty_ka"": 0.11, ""material"": ""L. albirostris; Skull; ZMUC 5/1896; delta13C -13.0"", ""notes"": ""14C age 6530 \u00b1 110; calibrated age BP 7,330\u20137,560; method Conv..""}]",2,2,2,2
a7995bbb0171500e3437395ad52549874b88a356941c77b01de9998f1e9de6f2,soerensen2010,marine_limiting,"Lystrup Enge, Århus",K-6800,56.23347554958675,10.205358591327993,inferred_map,1000.0,55.0,MSL,SRTM15+V2,subtidal_facies,radiocarbon-dated subfossil cetacean remain; marine limiting,null,"[7.53, 7.78]",radiocarbon,"Specimen 27: O. orca Skull, occipital part from Lystrup Enge, Århus; 14C age 6800 ± 115; calibrated age 7,530–7,780.","Lystrup Enge, Århus","Late Pleistocene and Holocene whale remains (Cetacea) from Denmark and adjacent countries: Species, distribution, chronology, and trace element concentrations",https://doi.org/10.1111/j.1748-7692.2009.00356.x,0.75,Extracted from Soerensen et al. Table 2 of dated subfossil whale remains. Cetacean remains are treated as marine-limiting constraints; no source elevation was reported in the table. Coordinate taken from authoritative manual geocode table soerensen2010.geojson using key '27'.,"{""page"": ""7"", ""figure"": null, ""table"": ""Table 2. (Continued)"", ""section"": null, ""quote_or_paraphrase"": ""27 | O. orca | Skull, occipital part | 29/1983 | Lystrup Enge, \u00c5rhus | Conv. | K-6800 | 6800 \u00b1 115 | -11.8 | 7,530\u20137,780 | ""}","{""reported_elevation_m"": null, ""reported_depth_m"": null, ""reported_datum"": null, ""reported_uncertainty_m"": null}","{""raw_raster_value_m"": 55.0, ""applied_correction_m"": null, ""derived_elevation_m"": 55.0, ""derived_depth_m"": null, ""derivation_notes"": ""Elevation sampled from SRTM15+V2 at authoritative coordinates because source elevation was not reported.""}","[{""method"": ""radiocarbon"", ""relation"": ""range"", ""age_ka"": [7.53, 7.78], ""uncertainty_ka"": 0.115, ""material"": ""O. orca; Skull, occipital part; ZMUC 29/1983; delta13C -11.8"", ""notes"": ""14C age 6800 \u00b1 115; calibrated age BP 7,530\u20137,780; method Conv..""}]",55,55,55,55
1740422f926e384edc93416d37a157752a9fe3b52b9406de116a407d93994f05,soerensen2010,marine_limiting,"Pilgården, Bohuslän, Sweden",AAR-7978,58.401260044495146,11.58418936409792,inferred_map,1000.0,-32.0,MSL,SRTM15+V2,subtidal_facies,radiocarbon-dated subfossil cetacean remain; marine limiting,null,"[11.19, 11.6]",radiocarbon,"Specimen 28: D. leucas Vertebra from Pilgården, Bohuslän, Sweden; 14C age 9880 ± 110; calibrated age 11,190–11,600.","Pilgården, Bohuslän, Sweden","Late Pleistocene and Holocene whale remains (Cetacea) from Denmark and adjacent countries: Species, distribution, chronology, and trace element concentrations",https://doi.org/10.1111/j.1748-7692.2009.00356.x,0.75,Extracted from Soerensen et al. Table 2 of dated subfossil whale remains. Cetacean remains are treated as marine-limiting constraints; no source elevation was reported in the table. Coordinate taken from authoritative manual geocode table soerensen2010.geojson using key '28'.,"{""page"": ""7"", ""figure"": null, ""table"": ""Table 2. (Continued)"", ""section"": null, ""quote_or_paraphrase"": ""28 | D. leucas | Vertebra | 60/2000 | Pilg\u00e5rden, Bohusl\u00e4n, Sweden | AMS | AAR-7978 | 9880 \u00b1 110 | -13.39 | 11,190\u201311,600 | ""}","{""reported_elevation_m"": null, ""reported_depth_m"": null, ""reported_datum"": null, ""reported_uncertainty_m"": null}","{""raw_raster_value_m"": -32.0, ""applied_correction_m"": null, ""derived_elevation_m"": -32.0, ""derived_depth_m"": 32.0, ""derivation_notes"": ""Elevation sampled from SRTM15+V2 at authoritative coordinates because source elevation was not reported.""}","[{""method"": ""radiocarbon"", ""relation"": ""range"", ""age_ka"": [11.19, 11.6], ""uncertainty_ka"": 0.11, ""material"": ""D. leucas; Vertebra; ZMUC 60/2000; delta13C -13.39"", ""notes"": ""14C age 9880 \u00b1 110; calibrated age BP 11,190\u201311,600; method AMS.""}]",-32,-32,-32,-32
6f11403b191f89ffd472e1b0f16dedf5a946995f2e563a78192fb5899f7a3fd9,soerensen2010,marine_limiting,"Frändtorpsgatan, Göteborg, Sweden",AAR-7983,57.683165712737555,11.935689327107001,inferred_map,1000.0,32.0,MSL,SRTM15+V2,subtidal_facies,radiocarbon-dated subfossil cetacean remain; marine limiting,null,"[11.76, 12.07]",radiocarbon,"Specimen 29: B. mysticetus Vertebra from Frändtorpsgatan, Göteborg, Sweden; 14C age 10,210 ± 80; calibrated age 11,760–12,070.","Frändtorpsgatan, Göteborg, Sweden","Late Pleistocene and Holocene whale remains (Cetacea) from Denmark and adjacent countries: Species, distribution, chronology, and trace element concentrations",https://doi.org/10.1111/j.1748-7692.2009.00356.x,0.75,Extracted from Soerensen et al. Table 2 of dated subfossil whale remains. Cetacean remains are treated as marine-limiting constraints; no source elevation was reported in the table. Coordinate taken from authoritative manual geocode table soerensen2010.geojson using key '29'.,"{""page"": ""8"", ""figure"": null, ""table"": ""Continued"", ""section"": null, ""quote_or_paraphrase"": ""29 | B. mysticetus | Vertebra | 65/2000 | Fr\u00e4ndtorpsgatan, G\u00f6teborg, Sweden | AMS | AAR-7983 | 10,210 \u00b1 80 | -16.05 | 11,760\u201312,070""}","{""reported_elevation_m"": null, ""reported_depth_m"": null, ""reported_datum"": null, ""reported_uncertainty_m"": null}","{""raw_raster_value_m"": 32.0, ""applied_correction_m"": null, ""derived_elevation_m"": 32.0, ""derived_depth_m"": null, ""derivation_notes"": ""Elevation sampled from SRTM15+V2 at authoritative coordinates because source elevation was not reported.""}","[{""method"": ""radiocarbon"", ""relation"": ""range"", ""age_ka"": [11.76, 12.07], ""uncertainty_ka"": 0.08, ""material"": ""B. mysticetus; Vertebra; ZMUC 65/2000; delta13C -16.05"", ""notes"": ""14C age 10,210 \u00b1 80; calibrated age BP 11,760\u201312,070; method AMS.""}]",32,32,32,32
ab747821381561a7d50d91380a6d697f16687dc6169ef79db66cc12808ac3df7,soerensen2010,marine_limiting,"Bräcke småstugeområde, Göteborg, Sweden",AAR-7982,57.684073489377916,11.930595124744551,inferred_map,1000.0,29.0,MSL,SRTM15+V2,subtidal_facies,radiocarbon-dated subfossil cetacean remain; marine limiting,null,"[12.84, 12.92]",radiocarbon,"Specimen 30: B. mysticetus Phalanx from Bräcke småstugeområde, Göteborg, Sweden; 14C age 10,915 ± 80; calibrated age 12,840–12,920.","Bräcke småstugeområde, Göteborg, Sweden","Late Pleistocene and Holocene whale remains (Cetacea) from Denmark and adjacent countries: Species, distribution, chronology, and trace element concentrations",https://doi.org/10.1111/j.1748-7692.2009.00356.x,0.75,Extracted from Soerensen et al. Table 2 of dated subfossil whale remains. Cetacean remains are treated as marine-limiting constraints; no source elevation was reported in the table. Coordinate taken from authoritative manual geocode table soerensen2010.geojson using key '30'.,"{""page"": ""8"", ""figure"": null, ""table"": ""Continued"", ""section"": null, ""quote_or_paraphrase"": ""30 | B. mysticetus | Phalanx | 64/2000 | Br\u00e4cke sm\u00e5stugeomr\u00e5de, G\u00f6teborg, Sweden | AMS | AAR-7982 | 10,915 \u00b1 80 | -15.51 | 12,840\u201312,920""}","{""reported_elevation_m"": null, ""reported_depth_m"": null, ""reported_datum"": null, ""reported_uncertainty_m"": null}","{""raw_raster_value_m"": 29.0, ""applied_correction_m"": null, ""derived_elevation_m"": 29.0, ""derived_depth_m"": null, ""derivation_notes"": ""Elevation sampled from SRTM15+V2 at authoritative coordinates because source elevation was not reported.""}","[{""method"": ""radiocarbon"", ""relation"": ""range"", ""age_ka"": [12.84, 12.92], ""uncertainty_ka"": 0.08, ""material"": ""B. mysticetus; Phalanx; ZMUC 64/2000; delta13C -15.51"", ""notes"": ""14C age 10,915 \u00b1 80; calibrated age BP 12,840\u201312,920; method AMS.""}]",29,29,29,29
8515206fb0daa0e655275b34266b9e732df56e30b8ffcd3271b356f7a443f612,soerensen2010,marine_limiting,"Hulta tegelbruk, Västergötland, Sweden",AAR-7980,57.49385345557645,12.72698876074097,inferred_map,1000.0,98.0,MSL,SRTM15+V2,subtidal_facies,radiocarbon-dated subfossil cetacean remain; marine limiting,null,"[12.93, 13.08]",radiocarbon,"Specimen 31: D. leucas Cervical vertebra from Hulta tegelbruk, Västergötland, Sweden; 14C age 11,090 ± 80; calibrated age 12,930–13,080.","Hulta tegelbruk, Västergötland, Sweden","Late Pleistocene and Holocene whale remains (Cetacea) from Denmark and adjacent countries: Species, distribution, chronology, and trace element concentrations",https://doi.org/10.1111/j.1748-7692.2009.00356.x,0.75,Extracted from Soerensen et al. Table 2 of dated subfossil whale remains. Cetacean remains are treated as marine-limiting constraints; no source elevation was reported in the table. Coordinate taken from authoritative manual geocode table soerensen2010.geojson using key '31'.,"{""page"": ""8"", ""figure"": null, ""table"": ""Continued"", ""section"": null, ""quote_or_paraphrase"": ""31 | D. leucas | Cervical vertebra | 62/2000 | Hulta tegelbruk, V\u00e4sterg\u00f6tland, Sweden | AMS | AAR-7980 | 11,090 \u00b1 80 | -12.24 | 12,930\u201313,080""}","{""reported_elevation_m"": null, ""reported_depth_m"": null, ""reported_datum"": null, ""reported_uncertainty_m"": null}","{""raw_raster_value_m"": 98.0, ""applied_correction_m"": null, ""derived_elevation_m"": 98.0, ""derived_depth_m"": null, ""derivation_notes"": ""Elevation sampled from SRTM15+V2 at authoritative coordinates because source elevation was not reported.""}","[{""method"": ""radiocarbon"", ""relation"": ""range"", ""age_ka"": [12.93, 13.08], ""uncertainty_ka"": 0.08, ""material"": ""D. leucas; Cervical vertebra; ZMUC 62/2000; delta13C -12.24"", ""notes"": ""14C age 11,090 \u00b1 80; calibrated age BP 12,930\u201313,080; method AMS.""}]",98,98,98,98
a5f7204c15104b0d8c029987d550631f3ca49ce26ca5fc7ebe64c03dfdbe0197,soerensen2010,marine_limiting,"Emmersbæk, Hjørring",K-6823,57.58044042328954,9.981213687380173,inferred_map,1000.0,19.0,MSL,SRTM15+V2,subtidal_facies,radiocarbon-dated subfossil cetacean remain; marine limiting,null,"[13.06, 13.35]",radiocarbon,"Specimen 32: B. mysticetus/E.glacialis Rib from Emmersbæk, Hjørring; 14C age 11,320 ± 165; calibrated age 13,060–13,350.","Emmersbæk, Hjørring","Late Pleistocene and Holocene whale remains (Cetacea) from Denmark and adjacent countries: Species, distribution, chronology, and trace element concentrations",https://doi.org/10.1111/j.1748-7692.2009.00356.x,0.75,Extracted from Soerensen et al. Table 2 of dated subfossil whale remains. Cetacean remains are treated as marine-limiting constraints; no source elevation was reported in the table. Coordinate taken from authoritative manual geocode table soerensen2010.geojson using key '32'.,"{""page"": ""8"", ""figure"": null, ""table"": ""Continued"", ""section"": null, ""quote_or_paraphrase"": ""32 | B. mysticetus/E.glacialis | Rib | 33/1997 | Emmersb\u00e6k, Hj\u00f8rring | Conv. | K-6823 | 11,320 \u00b1 165 | -13.7 | 13,060\u201313,350""}","{""reported_elevation_m"": null, ""reported_depth_m"": null, ""reported_datum"": null, ""reported_uncertainty_m"": null}","{""raw_raster_value_m"": 19.0, ""applied_correction_m"": null, ""derived_elevation_m"": 19.0, ""derived_depth_m"": null, ""derivation_notes"": ""Elevation sampled from SRTM15+V2 at authoritative coordinates because source elevation was not reported.""}","[{""method"": ""radiocarbon"", ""relation"": ""range"", ""age_ka"": [13.06, 13.35], ""uncertainty_ka"": 0.165, ""material"": ""B. mysticetus/E.glacialis; Rib; ZMUC 33/1997; delta13C -13.7"", ""notes"": ""14C age 11,320 \u00b1 165; calibrated age BP 13,060\u201313,350; method Conv..""}]",19,19,19,19
0735c99c10b8e6ee8b0c1a3d114b942bc91ba633114a611ff9afeebfd4e1f384,soerensen2010,marine_limiting,"Råholte, Hjørring",K-7108,57.44363009647647,10.456672574542214,inferred_map,1000.0,42.0,MSL,SRTM15+V2,subtidal_facies,radiocarbon-dated subfossil cetacean remain; marine limiting,null,"[13.31, 13.57]",radiocarbon,"Specimen 33: B. mysticetus Skull, occipital part from Råholte, Hjørring; 14C age 11,590 ± 115; calibrated age 13,310–13,570.","Råholte, Hjørring","Late Pleistocene and Holocene whale remains (Cetacea) from Denmark and adjacent countries: Species, distribution, chronology, and trace element concentrations",https://doi.org/10.1111/j.1748-7692.2009.00356.x,0.75,Extracted from Soerensen et al. Table 2 of dated subfossil whale remains. Cetacean remains are treated as marine-limiting constraints; no source elevation was reported in the table. Coordinate taken from authoritative manual geocode table soerensen2010.geojson using key '33'.,"{""page"": ""8"", ""figure"": null, ""table"": ""Continued"", ""section"": null, ""quote_or_paraphrase"": ""33 | B. mysticetus | Skull, occipital part | 19/0000 | R\u00e5holte, Hj\u00f8rring | Conv. | K-7108 | 11,590 \u00b1 115 | -13.9 | 13,310\u201313,570""}","{""reported_elevation_m"": null, ""reported_depth_m"": null, ""reported_datum"": null, ""reported_uncertainty_m"": null}","{""raw_raster_value_m"": 42.0, ""applied_correction_m"": null, ""derived_elevation_m"": 42.0, ""derived_depth_m"": null, ""derivation_notes"": ""Elevation sampled from SRTM15+V2 at authoritative coordinates because source elevation was not reported.""}","[{""method"": ""radiocarbon"", ""relation"": ""range"", ""age_ka"": [13.31, 13.57], ""uncertainty_ka"": 0.115, ""material"": ""B. mysticetus; Skull, occipital part; ZMUC 19/0000; delta13C -13.9"", ""notes"": ""14C age 11,590 \u00b1 115; calibrated age BP 13,310\u201313,570; method Conv..""}]",42,42,42,42
f6db676032ee86b63592a76508caedc964cc87727a9f874d63390a97e97127ac,soerensen2010,marine_limiting,"Bovbæk, Hjørring",K-6796,57.6104698855009,10.072909329904283,inferred_map,1000.0,-5.0,MSL,SRTM15+V2,subtidal_facies,radiocarbon-dated subfossil cetacean remain; marine limiting,null,"[13.44, 13.79]",radiocarbon,"Specimen 34: B. mysticetus Vertebra from Bovbæk, Hjørring; 14C age 11,780 ± 170; calibrated age 13,440–13,790.","Bovbæk, Hjørring","Late Pleistocene and Holocene whale remains (Cetacea) from Denmark and adjacent countries: Species, distribution, chronology, and trace element concentrations",https://doi.org/10.1111/j.1748-7692.2009.00356.x,0.75,Extracted from Soerensen et al. Table 2 of dated subfossil whale remains. Cetacean remains are treated as marine-limiting constraints; no source elevation was reported in the table. Coordinate taken from authoritative manual geocode table soerensen2010.geojson using key '34'.,"{""page"": ""8"", ""figure"": null, ""table"": ""Continued"", ""section"": null, ""quote_or_paraphrase"": ""34 | B. mysticetus | Vertebra | 11/1859 | Bovb\u00e6k, Hj\u00f8rring | Conv. | K-6796 | 11,780 \u00b1 170 | -14.3 | 13,440\u201313,790""}","{""reported_elevation_m"": null, ""reported_depth_m"": null, ""reported_datum"": null, ""reported_uncertainty_m"": null}","{""raw_raster_value_m"": -5.0, ""applied_correction_m"": null, ""derived_elevation_m"": -5.0, ""derived_depth_m"": 5.0, ""derivation_notes"": ""Elevation sampled from SRTM15+V2 at authoritative coordinates because source elevation was not reported.""}","[{""method"": ""radiocarbon"", ""relation"": ""range"", ""age_ka"": [13.44, 13.79], ""uncertainty_ka"": 0.17, ""material"": ""B. mysticetus; Vertebra; ZMUC 11/1859; delta13C -14.3"", ""notes"": ""14C age 11,780 \u00b1 170; calibrated age BP 13,440\u201313,790; method Conv..""}]",-5,-5,-5,-5
9b83e0bf3a483fcadca6b2f050f42dbd7a4d36cb22a17ada14119ddcabf42beb,soerensen2010,marine_limiting,"Borgbakke, Hjørring",K-7109,57.424435692703625,10.52289720525407,inferred_map,1000.0,5.0,MSL,SRTM15+V2,subtidal_facies,radiocarbon-dated subfossil cetacean remain; marine limiting,null,"[13.72, 13.95]",radiocarbon,"Specimen 35: B mysticetus Rib from Borgbakke, Hjørring; 14C age 11,960 ± 115; calibrated age 13,720–13,950.","Borgbakke, Hjørring","Late Pleistocene and Holocene whale remains (Cetacea) from Denmark and adjacent countries: Species, distribution, chronology, and trace element concentrations",https://doi.org/10.1111/j.1748-7692.2009.00356.x,0.75,Extracted from Soerensen et al. Table 2 of dated subfossil whale remains. Cetacean remains are treated as marine-limiting constraints; no source elevation was reported in the table. Coordinate taken from authoritative manual geocode table soerensen2010.geojson using key '35'.,"{""page"": ""8"", ""figure"": null, ""table"": ""Continued"", ""section"": null, ""quote_or_paraphrase"": ""35 | B mysticetus | Rib | 20/0000 | Borgbakke, Hj\u00f8rring | Conv. | K-7109 | 11,960 \u00b1 115 | -13.9 | 13,720\u201313,950""}","{""reported_elevation_m"": null, ""reported_depth_m"": null, ""reported_datum"": null, ""reported_uncertainty_m"": null}","{""raw_raster_value_m"": 5.0, ""applied_correction_m"": null, ""derived_elevation_m"": 5.0, ""derived_depth_m"": null, ""derivation_notes"": ""Elevation sampled from SRTM15+V2 at authoritative coordinates because source elevation was not reported.""}","[{""method"": ""radiocarbon"", ""relation"": ""range"", ""age_ka"": [13.72, 13.95], ""uncertainty_ka"": 0.115, ""material"": ""B mysticetus; Rib; ZMUC 20/0000; delta13C -13.9"", ""notes"": ""14C age 11,960 \u00b1 115; calibrated age BP 13,720\u201313,950; method Conv..""}]",5,5,5,5
31a03b04f0018edb7e480a1cfba1558c805f8fa0dbb53e32112d5686a788742b,soerensen2010,marine_limiting,"Tanumshede, Bohus Län, Sweden",AAR-7981,57.4152919614888,10.533085609978972,inferred_map,1000.0,-5.0,MSL,SRTM15+V2,subtidal_facies,radiocarbon-dated subfossil cetacean remain; marine limiting,null,"[13.75, 13.94]",radiocarbon,"Specimen 36: B. mysticetus Rib from Tanumshede, Bohus Län, Sweden; 14C age 11,980 ± 90; calibrated age 13,750–13,940.","Tanumshede, Bohus Län, Sweden","Late Pleistocene and Holocene whale remains (Cetacea) from Denmark and adjacent countries: Species, distribution, chronology, and trace element concentrations",https://doi.org/10.1111/j.1748-7692.2009.00356.x,0.75,Extracted from Soerensen et al. Table 2 of dated subfossil whale remains. Cetacean remains are treated as marine-limiting constraints; no source elevation was reported in the table. Coordinate taken from authoritative manual geocode table soerensen2010.geojson using key '36'.,"{""page"": ""8"", ""figure"": null, ""table"": ""Continued"", ""section"": null, ""quote_or_paraphrase"": ""36 | B. mysticetus | Rib | 63/2000 | Tanumshede, Bohus L\u00e4n, Sweden | AMS | AAR-7981 | 11,980 \u00b1 90 | -14.83 | 13,750\u201313,940""}","{""reported_elevation_m"": null, ""reported_depth_m"": null, ""reported_datum"": null, ""reported_uncertainty_m"": null}","{""raw_raster_value_m"": -5.0, ""applied_correction_m"": null, ""derived_elevation_m"": -5.0, ""derived_depth_m"": 5.0, ""derivation_notes"": ""Elevation sampled from SRTM15+V2 at authoritative coordinates because source elevation was not reported.""}","[{""method"": ""radiocarbon"", ""relation"": ""range"", ""age_ka"": [13.75, 13.94], ""uncertainty_ka"": 0.09, ""material"": ""B. mysticetus; Rib; ZMUC 63/2000; delta13C -14.83"", ""notes"": ""14C age 11,980 \u00b1 90; calibrated age BP 13,750\u201313,940; method AMS.""}]",-5,-5,-5,-5
3908d45d398204739e21c1e9451df937215c8ec3db1d452be5ccbc3658505b7c,soerensen2010,marine_limiting,"Frederikshavn Vandværk, Hjørring",K-7104,58.52560252892827,11.273443019988441,inferred_map,1000.0,18.0,MSL,SRTM15+V2,subtidal_facies,radiocarbon-dated subfossil cetacean remain; marine limiting,null,"[13.69, 14.06]",radiocarbon,"Specimen 37: D. leucas Caudal vertebra from Frederikshavn Vandværk, Hjørring; 14C age 12,000 ± 170; calibrated age 13,690–14,060.","Frederikshavn Vandværk, Hjørring","Late Pleistocene and Holocene whale remains (Cetacea) from Denmark and adjacent countries: Species, distribution, chronology, and trace element concentrations",https://doi.org/10.1111/j.1748-7692.2009.00356.x,0.75,Extracted from Soerensen et al. Table 2 of dated subfossil whale remains. Cetacean remains are treated as marine-limiting constraints; no source elevation was reported in the table. Coordinate taken from authoritative manual geocode table soerensen2010.geojson using key '37'.,"{""page"": ""8"", ""figure"": null, ""table"": ""Continued"", ""section"": null, ""quote_or_paraphrase"": ""37 | D. leucas | Caudal vertebra | 176/1980 | Frederikshavn Vandv\u00e6rk, Hj\u00f8rring | Conv. | K-7104 | 12,000 \u00b1 170 | -12.3 | 13,690\u201314,060""}","{""reported_elevation_m"": null, ""reported_depth_m"": null, ""reported_datum"": null, ""reported_uncertainty_m"": null}","{""raw_raster_value_m"": 18.0, ""applied_correction_m"": null, ""derived_elevation_m"": 18.0, ""derived_depth_m"": null, ""derivation_notes"": ""Elevation sampled from SRTM15+V2 at authoritative coordinates because source elevation was not reported.""}","[{""method"": ""radiocarbon"", ""relation"": ""range"", ""age_ka"": [13.69, 14.06], ""uncertainty_ka"": 0.17, ""material"": ""D. leucas; Caudal vertebra; ZMUC 176/1980; delta13C -12.3"", ""notes"": ""14C age 12,000 \u00b1 170; calibrated age BP 13,690\u201314,060; method Conv..""}]",18,18,18,18
509fe4780445fb8cf2daccdf8d5b71614ffe597fc0d5b11198fca9f3a61bcecb,soerensen2010,marine_limiting,"Vester Tværsted Skole, Hjørring",K-6821,57.6131986071726,10.15781270261179,inferred_map,1000.0,-9.0,MSL,SRTM15+V2,subtidal_facies,radiocarbon-dated subfossil cetacean remain; marine limiting,null,"[13.73, 14.2]",radiocarbon,"Specimen 38: M. cf. novaeangliae Rib from Vester Tværsted Skole, Hjørring; 14C age 12,100 ± 185; calibrated age 13,730–14,200.","Vester Tværsted Skole, Hjørring","Late Pleistocene and Holocene whale remains (Cetacea) from Denmark and adjacent countries: Species, distribution, chronology, and trace element concentrations",https://doi.org/10.1111/j.1748-7692.2009.00356.x,0.75,Extracted from Soerensen et al. Table 2 of dated subfossil whale remains. Cetacean remains are treated as marine-limiting constraints; no source elevation was reported in the table. Coordinate taken from authoritative manual geocode table soerensen2010.geojson using key '38'.,"{""page"": ""8"", ""figure"": null, ""table"": ""Continued"", ""section"": null, ""quote_or_paraphrase"": ""38 | M. cf. novaeangliae | Rib | 18/1997 | Vester Tv\u00e6rsted Skole, Hj\u00f8rring | Conv. | K-6821 | 12,100 \u00b1 185 | -14.7 | 13,730\u201314,200""}","{""reported_elevation_m"": null, ""reported_depth_m"": null, ""reported_datum"": null, ""reported_uncertainty_m"": null}","{""raw_raster_value_m"": -9.0, ""applied_correction_m"": null, ""derived_elevation_m"": -9.0, ""derived_depth_m"": 9.0, ""derivation_notes"": ""Elevation sampled from SRTM15+V2 at authoritative coordinates because source elevation was not reported.""}","[{""method"": ""radiocarbon"", ""relation"": ""range"", ""age_ka"": [13.73, 14.2], ""uncertainty_ka"": 0.185, ""material"": ""M. cf. novaeangliae; Rib; ZMUC 18/1997; delta13C -14.7"", ""notes"": ""14C age 12,100 \u00b1 185; calibrated age BP 13,730\u201314,200; method Conv..""}]",-9,-9,-9,-9
4823560a8a3bb3e3d8a1703ecc99b44c8cd5509e3e88a57258ab0af168c3e0fb,soerensen2010,marine_limiting,"Dronninglund, Hjørring",K-7105,57.196076510001184,10.308940706031152,inferred_map,1000.0,62.0,MSL,SRTM15+V2,subtidal_facies,radiocarbon-dated subfossil cetacean remain; marine limiting,null,"[14.34, 14.95]",radiocarbon,"Specimen 39: B. mysticetus Rib from Dronninglund, Hjørring; 14C age 12,540 ± 155; calibrated age 14,340–14,950.","Dronninglund, Hjørring","Late Pleistocene and Holocene whale remains (Cetacea) from Denmark and adjacent countries: Species, distribution, chronology, and trace element concentrations",https://doi.org/10.1111/j.1748-7692.2009.00356.x,0.75,Extracted from Soerensen et al. Table 2 of dated subfossil whale remains. Cetacean remains are treated as marine-limiting constraints; no source elevation was reported in the table. Coordinate taken from authoritative manual geocode table soerensen2010.geojson using key '39'.,"{""page"": ""8"", ""figure"": null, ""table"": ""Continued"", ""section"": null, ""quote_or_paraphrase"": ""39 | B. mysticetus | Rib | 27/1953 | Dronninglund, Hj\u00f8rring | Conv. | K-7105 | 12,540 \u00b1 155 | -15.1 | 14,340\u201314,950""}","{""reported_elevation_m"": null, ""reported_depth_m"": null, ""reported_datum"": null, ""reported_uncertainty_m"": null}","{""raw_raster_value_m"": 62.0, ""applied_correction_m"": null, ""derived_elevation_m"": 62.0, ""derived_depth_m"": null, ""derivation_notes"": ""Elevation sampled from SRTM15+V2 at authoritative coordinates because source elevation was not reported.""}","[{""method"": ""radiocarbon"", ""relation"": ""range"", ""age_ka"": [14.34, 14.95], ""uncertainty_ka"": 0.155, ""material"": ""B. mysticetus; Rib; ZMUC 27/1953; delta13C -15.1"", ""notes"": ""14C age 12,540 \u00b1 155; calibrated age BP 14,340\u201314,950; method Conv..""}]",62,62,62,62
19bffd54b12a1288bb6a97bdf737c210c1fdf6650309bee29ca410e58e92f5da,soerensen2010,marine_limiting,"Sahlgrenska Sjukhuset, Göteborg, Sweden",AAR-7979,57.681350091246415,11.930595124744551,inferred_map,1000.0,28.0,MSL,SRTM15+V2,subtidal_facies,radiocarbon-dated subfossil cetacean remain; marine limiting,null,"[14.58, 15.02]",radiocarbon,"Specimen 40: D. leucas Vertebra from Sahlgrenska Sjukhuset, Göteborg, Sweden; 14C age 12,580 ± 90; calibrated age 14,580–15,020.","Sahlgrenska Sjukhuset, Göteborg, Sweden","Late Pleistocene and Holocene whale remains (Cetacea) from Denmark and adjacent countries: Species, distribution, chronology, and trace element concentrations",https://doi.org/10.1111/j.1748-7692.2009.00356.x,0.75,Extracted from Soerensen et al. Table 2 of dated subfossil whale remains. Cetacean remains are treated as marine-limiting constraints; no source elevation was reported in the table. Coordinate taken from authoritative manual geocode table soerensen2010.geojson using key '40'.,"{""page"": ""8"", ""figure"": null, ""table"": ""Continued"", ""section"": null, ""quote_or_paraphrase"": ""40 | D. leucas | Vertebra | 61/2000 | Sahlgrenska Sjukhuset, G\u00f6teborg, Sweden | AMS | AAR-7979 | 12,580 \u00b1 90 | -11.82 | 14,580\u201315,020""}","{""reported_elevation_m"": null, ""reported_depth_m"": null, ""reported_datum"": null, ""reported_uncertainty_m"": null}","{""raw_raster_value_m"": 28.0, ""applied_correction_m"": null, ""derived_elevation_m"": 28.0, ""derived_depth_m"": null, ""derivation_notes"": ""Elevation sampled from SRTM15+V2 at authoritative coordinates because source elevation was not reported.""}","[{""method"": ""radiocarbon"", ""relation"": ""range"", ""age_ka"": [14.58, 15.02], ""uncertainty_ka"": 0.09, ""material"": ""D. leucas; Vertebra; ZMUC 61/2000; delta13C -11.82"", ""notes"": ""14C age 12,580 \u00b1 90; calibrated age BP 14,580\u201315,020; method AMS.""}]",28,28,28,28
21799c0f23578af274f5fe083a8afb6a55dc967622fd2f538a46a7264dc3a9fd,soerensen2010,marine_limiting,"Karup, Hjørring",K-7106,57.338394427982095,10.429503495275815,inferred_map,1000.0,24.0,MSL,SRTM15+V2,subtidal_facies,radiocarbon-dated subfossil cetacean remain; marine limiting,null,"[14.6, 15.28]",radiocarbon,"Specimen 41: B. mysticetus/E.glacialis Vertebra from Karup, Hjørring; 14C age 12,710 ± 185; calibrated age 14,600–15,280.","Karup, Hjørring","Late Pleistocene and Holocene whale remains (Cetacea) from Denmark and adjacent countries: Species, distribution, chronology, and trace element concentrations",https://doi.org/10.1111/j.1748-7692.2009.00356.x,0.75,Extracted from Soerensen et al. Table 2 of dated subfossil whale remains. Cetacean remains are treated as marine-limiting constraints; no source elevation was reported in the table. Coordinate taken from authoritative manual geocode table soerensen2010.geojson using key '41'.,"{""page"": ""8"", ""figure"": null, ""table"": ""Continued"", ""section"": null, ""quote_or_paraphrase"": ""41 | B. mysticetus/E.glacialis | Vertebra | 40/1996 | Karup, Hj\u00f8rring | Conv. | K-7106 | 12,710 \u00b1 185 | -15.1 | 14,600\u201315,280""}","{""reported_elevation_m"": null, ""reported_depth_m"": null, ""reported_datum"": null, ""reported_uncertainty_m"": null}","{""raw_raster_value_m"": 24.0, ""applied_correction_m"": null, ""derived_elevation_m"": 24.0, ""derived_depth_m"": null, ""derivation_notes"": ""Elevation sampled from SRTM15+V2 at authoritative coordinates because source elevation was not reported.""}","[{""method"": ""radiocarbon"", ""relation"": ""range"", ""age_ka"": [14.6, 15.28], ""uncertainty_ka"": 0.185, ""material"": ""B. mysticetus/E.glacialis; Vertebra; ZMUC 40/1996; delta13C -15.1"", ""notes"": ""14C age 12,710 \u00b1 185; calibrated age BP 14,600\u201315,280; method Conv..""}]",24,24,24,24
9bf52492db75401426200848e8704ff5b7cd9a9d7d8b966aaaa39ad05a03e7fd,soerensen2010,marine_limiting,"Hirtshals, Hjørring",K-6824,57.59955294996445,9.954044608113772,inferred_map,1000.0,-6.0,MSL,SRTM15+V2,subtidal_facies,radiocarbon-dated subfossil cetacean remain; marine limiting,null,"[14.67, 15.42]",radiocarbon,"Specimen 42: B. mysticetus/E.glacialis Vertebra from Hirtshals, Hjørring; 14C age 12,780 ± 215; calibrated age 14,670–15,420.","Hirtshals, Hjørring","Late Pleistocene and Holocene whale remains (Cetacea) from Denmark and adjacent countries: Species, distribution, chronology, and trace element concentrations",https://doi.org/10.1111/j.1748-7692.2009.00356.x,0.75,Extracted from Soerensen et al. Table 2 of dated subfossil whale remains. Cetacean remains are treated as marine-limiting constraints; no source elevation was reported in the table. Coordinate taken from authoritative manual geocode table soerensen2010.geojson using key '42'.,"{""page"": ""8"", ""figure"": null, ""table"": ""Continued"", ""section"": null, ""quote_or_paraphrase"": ""42 | B. mysticetus/E.glacialis | Vertebra | 31/1997 | Hirtshals, Hj\u00f8rring | Conv. | K-6824 | 12,780 \u00b1 215 | -13.5 | 14,670\u201315,420""}","{""reported_elevation_m"": null, ""reported_depth_m"": null, ""reported_datum"": null, ""reported_uncertainty_m"": null}","{""raw_raster_value_m"": -6.0, ""applied_correction_m"": null, ""derived_elevation_m"": -6.0, ""derived_depth_m"": 6.0, ""derivation_notes"": ""Elevation sampled from SRTM15+V2 at authoritative coordinates because source elevation was not reported.""}","[{""method"": ""radiocarbon"", ""relation"": ""range"", ""age_ka"": [14.67, 15.42], ""uncertainty_ka"": 0.215, ""material"": ""B. mysticetus/E.glacialis; Vertebra; ZMUC 31/1997; delta13C -13.5"", ""notes"": ""14C age 12,780 \u00b1 215; calibrated age BP 14,670\u201315,420; method Conv..""}]",-6,-6,-6,-6
046336164a2a924efa69446c3a8ef90ff3978202d5e6adfda0170e77001ce752,soerensen2010,marine_limiting,"Gølstrup Teglværksgrav, Hjørring",K-6802,57.40797533230545,9.785935930152906,inferred_map,1000.0,16.0,MSL,SRTM15+V2,subtidal_facies,radiocarbon-dated subfossil cetacean remain; marine limiting,null,"[15.02, 15.6]",radiocarbon,"Specimen 43: B. mysticetus/E.glacialis Vertebra from Gølstrup Teglværksgrav, Hjørring; 14C age 12,950 ± 195; calibrated age 15,020–15,600.","Gølstrup Teglværksgrav, Hjørring","Late Pleistocene and Holocene whale remains (Cetacea) from Denmark and adjacent countries: Species, distribution, chronology, and trace element concentrations",https://doi.org/10.1111/j.1748-7692.2009.00356.x,0.75,Extracted from Soerensen et al. Table 2 of dated subfossil whale remains. Cetacean remains are treated as marine-limiting constraints; no source elevation was reported in the table. Coordinate taken from authoritative manual geocode table soerensen2010.geojson using key '43'.,"{""page"": ""9"", ""figure"": null, ""table"": ""Table 2. Radiocarbon dated subfossil whale remains."", ""section"": null, ""quote_or_paraphrase"": ""43 | B. mysticetus/E.glacialis | Vertebra | 260/1980 | G\u00f8lstrup Teglv\u00e6rksgrav, Hj\u00f8rring | Conv. | K-6802 | 12,950 \u00b1 195 | -15.0 | 15,020\u201315,600 | ""}","{""reported_elevation_m"": null, ""reported_depth_m"": null, ""reported_datum"": null, ""reported_uncertainty_m"": null}","{""raw_raster_value_m"": 16.0, ""applied_correction_m"": null, ""derived_elevation_m"": 16.0, ""derived_depth_m"": null, ""derivation_notes"": ""Elevation sampled from SRTM15+V2 at authoritative coordinates because source elevation was not reported.""}","[{""method"": ""radiocarbon"", ""relation"": ""range"", ""age_ka"": [15.02, 15.6], ""uncertainty_ka"": 0.195, ""material"": ""B. mysticetus/E.glacialis; Vertebra; ZMUC 260/1980; delta13C -15.0"", ""notes"": ""14C age 12,950 \u00b1 195; calibrated age BP 15,020\u201315,600; method Conv..""}]",16,16,16,16
870c97ef2a2a7bacf92fedb46f56b753eec595c222cfa92c58726df99d0c2cc7,soerensen2010,marine_limiting,"Sønder Vrå, Hjørring",K-6801,57.34480871508193,9.91838519157662,inferred_map,1000.0,14.0,MSL,SRTM15+V2,subtidal_facies,radiocarbon-dated subfossil cetacean remain; marine limiting,null,"[15.94, 16.59]",radiocarbon,"Specimen 44: B. mysticetus/E.glacialis Vertebra from Sønder Vrå, Hjørring; 14C age 13,670 ± 205; calibrated age 15,940–16,590.","Sønder Vrå, Hjørring","Late Pleistocene and Holocene whale remains (Cetacea) from Denmark and adjacent countries: Species, distribution, chronology, and trace element concentrations",https://doi.org/10.1111/j.1748-7692.2009.00356.x,0.75,Extracted from Soerensen et al. Table 2 of dated subfossil whale remains. Cetacean remains are treated as marine-limiting constraints; no source elevation was reported in the table. Coordinate taken from authoritative manual geocode table soerensen2010.geojson using key '44'.,"{""page"": ""9"", ""figure"": null, ""table"": ""Table 2. Radiocarbon dated subfossil whale remains."", ""section"": null, ""quote_or_paraphrase"": ""44 | B. mysticetus/E.glacialis | Vertebra | 261/1980 | S\u00f8nder Vr\u00e5, Hj\u00f8rring | Conv. | K-6801 | 13,670 \u00b1 205 | -14.9 | 15,940\u201316,590 | ""}","{""reported_elevation_m"": null, ""reported_depth_m"": null, ""reported_datum"": null, ""reported_uncertainty_m"": null}","{""raw_raster_value_m"": 14.0, ""applied_correction_m"": null, ""derived_elevation_m"": 14.0, ""derived_depth_m"": null, ""derivation_notes"": ""Elevation sampled from SRTM15+V2 at authoritative coordinates because source elevation was not reported.""}","[{""method"": ""radiocarbon"", ""relation"": ""range"", ""age_ka"": [15.94, 16.59], ""uncertainty_ka"": 0.205, ""material"": ""B. mysticetus/E.glacialis; Vertebra; ZMUC 261/1980; delta13C -14.9"", ""notes"": ""14C age 13,670 \u00b1 205; calibrated age BP 15,940\u201316,590; method Conv..""}]",14,14,14,14
42bad226b723caca6e59f21c86ecc5acebdc9cf24f2ffe101a05ade3c5aea1ef,soerensen2010,marine_limiting,"Ravnsholt, Hjørring",K-7110,57.30263717264999,10.37516533674301,inferred_map,1000.0,35.0,MSL,SRTM15+V2,subtidal_facies,radiocarbon-dated subfossil cetacean remain; marine limiting,null,"[16.47, 17.2]",radiocarbon,"Specimen 45: B. mysticetus Rib from Ravnsholt, Hjørring; 14C age 14,110 ± 215; calibrated age 16,470–17,200.","Ravnsholt, Hjørring","Late Pleistocene and Holocene whale remains (Cetacea) from Denmark and adjacent countries: Species, distribution, chronology, and trace element concentrations",https://doi.org/10.1111/j.1748-7692.2009.00356.x,0.75,Extracted from Soerensen et al. Table 2 of dated subfossil whale remains. Cetacean remains are treated as marine-limiting constraints; no source elevation was reported in the table. Coordinate taken from authoritative manual geocode table soerensen2010.geojson using key '45'.,"{""page"": ""9"", ""figure"": null, ""table"": ""Table 2. Radiocarbon dated subfossil whale remains."", ""section"": null, ""quote_or_paraphrase"": ""45 | B. mysticetus | Rib | 21/0000 | Ravnsholt, Hj\u00f8rring | Conv. | K-7110 | 14,110 \u00b1 215 | -14.1 | 16,470\u201317,200 | ""}","{""reported_elevation_m"": null, ""reported_depth_m"": null, ""reported_datum"": null, ""reported_uncertainty_m"": null}","{""raw_raster_value_m"": 35.0, ""applied_correction_m"": null, ""derived_elevation_m"": 35.0, ""derived_depth_m"": null, ""derivation_notes"": ""Elevation sampled from SRTM15+V2 at authoritative coordinates because source elevation was not reported.""}","[{""method"": ""radiocarbon"", ""relation"": ""range"", ""age_ka"": [16.47, 17.2], ""uncertainty_ka"": 0.215, ""material"": ""B. mysticetus; Rib; ZMUC 21/0000; delta13C -14.1"", ""notes"": ""14C age 14,110 \u00b1 215; calibrated age BP 16,470\u201317,200; method Conv..""}]",35,35,35,35
d03b86954b6d1619359955c4b38a937d86dbaa8f0b779aa25e36f540bd64edc7,soerensen2010,marine_limiting,"Staurby Skov, Odense",K-6768,55.52579021328911,9.758766850886506,inferred_map,1000.0,-12.0,MSL,SRTM15+V2,subtidal_facies,radiocarbon-dated subfossil cetacean remain; marine limiting,null,"[20.47, 21.92]",radiocarbon,"Specimen 46: E.glacialis Vertebra from Staurby Skov, Odense; 14C age 17,830 ± 590; calibrated age 20,470–21,920.","Staurby Skov, Odense","Late Pleistocene and Holocene whale remains (Cetacea) from Denmark and adjacent countries: Species, distribution, chronology, and trace element concentrations",https://doi.org/10.1111/j.1748-7692.2009.00356.x,0.75,Extracted from Soerensen et al. Table 2 of dated subfossil whale remains. Cetacean remains are treated as marine-limiting constraints; no source elevation was reported in the table. Coordinate taken from authoritative manual geocode table soerensen2010.geojson using key '46'.,"{""page"": ""9"", ""figure"": null, ""table"": ""Table 2. Radiocarbon dated subfossil whale remains."", ""section"": null, ""quote_or_paraphrase"": ""46 | E.glacialis | Vertebra | 1/1934 | Staurby Skov, Odense | Conv. | K-6768 | 17,830 \u00b1 590 | -17.9 | 20,470\u201321,920 | ""}","{""reported_elevation_m"": null, ""reported_depth_m"": null, ""reported_datum"": null, ""reported_uncertainty_m"": null}","{""raw_raster_value_m"": -12.0, ""applied_correction_m"": null, ""derived_elevation_m"": -12.0, ""derived_depth_m"": 12.0, ""derivation_notes"": ""Elevation sampled from SRTM15+V2 at authoritative coordinates because source elevation was not reported.""}","[{""method"": ""radiocarbon"", ""relation"": ""range"", ""age_ka"": [20.47, 21.92], ""uncertainty_ka"": 0.59, ""material"": ""E.glacialis; Vertebra; ZMUC 1/1934; delta13C -17.9"", ""notes"": ""14C age 17,830 \u00b1 590; calibrated age BP 20,470\u201321,920; method Conv..""}]",-12,-12,-12,-12
1c35f73865dac56176590e2abec70e8dc562cfe2abbd531bb131d453e055b1ce,soerensen2010,marine_limiting,"Krogstrup sogn, Frederiksborg",K-7099,55.78922395359575,11.937387394561153,inferred_map,1000.0,27.0,MSL,SRTM15+V2,subtidal_facies,radiocarbon-dated subfossil cetacean remain; marine limiting,null,28.14,radiocarbon,"Specimen 47: Balaenopteridae Rib from Krogstrup sogn, Frederiksborg; 14C age 28,140 ± 1280; calibrated age -.","Krogstrup sogn, Frederiksborg","Late Pleistocene and Holocene whale remains (Cetacea) from Denmark and adjacent countries: Species, distribution, chronology, and trace element concentrations",https://doi.org/10.1111/j.1748-7692.2009.00356.x,0.75,Extracted from Soerensen et al. Table 2 of dated subfossil whale remains. Cetacean remains are treated as marine-limiting constraints; no source elevation was reported in the table. Coordinate taken from authoritative manual geocode table soerensen2010.geojson using key '47'.,"{""page"": ""9"", ""figure"": null, ""table"": ""Table 2. Radiocarbon dated subfossil whale remains."", ""section"": null, ""quote_or_paraphrase"": ""47 | Balaenopteridae | Rib | 16/1928 | Krogstrup sogn, Frederiksborg | Conv. | K-7099 | 28,140 \u00b1 1280 | -15.5 | - | ""}","{""reported_elevation_m"": null, ""reported_depth_m"": null, ""reported_datum"": null, ""reported_uncertainty_m"": null}","{""raw_raster_value_m"": 27.0, ""applied_correction_m"": null, ""derived_elevation_m"": 27.0, ""derived_depth_m"": null, ""derivation_notes"": ""Elevation sampled from SRTM15+V2 at authoritative coordinates because source elevation was not reported.""}","[{""method"": ""radiocarbon"", ""relation"": ""equal"", ""age_ka"": 28.14, ""uncertainty_ka"": 1.28, ""material"": ""Balaenopteridae; Rib; ZMUC 16/1928; delta13C -15.5"", ""notes"": ""14C age 28,140 \u00b1 1280; calibrated age BP -; method Conv..""}]",27,27,27,27
0d4501d0b4fe152495e8a2928688feb9c8075755dd276e76d4d3db9030aae3dc,soerensen2010,marine_limiting,"Lindholm, Nørre Sundby, Ålborg",K-6771,57.110421563815926,9.899706449580965,inferred_map,1000.0,6.0,MSL,SRTM15+V2,subtidal_facies,radiocarbon-dated subfossil cetacean remain; marine limiting,null,29.32,radiocarbon,"Specimen 48: B. acutorostrata Caudal vertebra from Lindholm, Nørre Sundby, Ålborg; 14C age 29,320 ± 1240; calibrated age -.","Lindholm, Nørre Sundby, Ålborg","Late Pleistocene and Holocene whale remains (Cetacea) from Denmark and adjacent countries: Species, distribution, chronology, and trace element concentrations",https://doi.org/10.1111/j.1748-7692.2009.00356.x,0.75,Extracted from Soerensen et al. Table 2 of dated subfossil whale remains. Cetacean remains are treated as marine-limiting constraints; no source elevation was reported in the table. Coordinate taken from authoritative manual geocode table soerensen2010.geojson using key '48'.,"{""page"": ""9"", ""figure"": null, ""table"": ""Table 2. Radiocarbon dated subfossil whale remains."", ""section"": null, ""quote_or_paraphrase"": ""48 | B. acutorostrata | Caudal vertebra | 32/1956 | Lindholm, N\u00f8rre Sundby, \u00c5lborg | Conv. | K-6771 | 29,320 \u00b1 1240 | -13.0 | - | ""}","{""reported_elevation_m"": null, ""reported_depth_m"": null, ""reported_datum"": null, ""reported_uncertainty_m"": null}","{""raw_raster_value_m"": 6.0, ""applied_correction_m"": null, ""derived_elevation_m"": 6.0, ""derived_depth_m"": null, ""derivation_notes"": ""Elevation sampled from SRTM15+V2 at authoritative coordinates because source elevation was not reported.""}","[{""method"": ""radiocarbon"", ""relation"": ""equal"", ""age_ka"": 29.32, ""uncertainty_ka"": 1.24, ""material"": ""B. acutorostrata; Caudal vertebra; ZMUC 32/1956; delta13C -13.0"", ""notes"": ""14C age 29,320 \u00b1 1240; calibrated age BP -; method Conv..""}]",6,6,6,6
88850c39cd65388e79ba0577af486aeb29dcd97a16a1f48905f8954196764b4f,soerensen2010,marine_limiting,"Vester Nebel, Vejle",K-7102,55.55653550305316,9.432737899689675,inferred_map,1000.0,28.0,MSL,SRTM15+V2,subtidal_facies,radiocarbon-dated subfossil cetacean remain; marine limiting,null,32.22,radiocarbon,"Specimen 49: D. leucas Caudal vertebra from Vester Nebel, Vejle; 14C age 32,220 ±1480; calibrated age -.","Vester Nebel, Vejle","Late Pleistocene and Holocene whale remains (Cetacea) from Denmark and adjacent countries: Species, distribution, chronology, and trace element concentrations",https://doi.org/10.1111/j.1748-7692.2009.00356.x,0.75,Extracted from Soerensen et al. Table 2 of dated subfossil whale remains. Cetacean remains are treated as marine-limiting constraints; no source elevation was reported in the table. Coordinate taken from authoritative manual geocode table soerensen2010.geojson using key '49'.,"{""page"": ""9"", ""figure"": null, ""table"": ""Table 2. Radiocarbon dated subfossil whale remains."", ""section"": null, ""quote_or_paraphrase"": ""49 | D. leucas | Caudal vertebra | 41/1952 | Vester Nebel, Vejle | Conv. | K-7102 | 32,220 \u00b11480 | -13.7 | - | ""}","{""reported_elevation_m"": null, ""reported_depth_m"": null, ""reported_datum"": null, ""reported_uncertainty_m"": null}","{""raw_raster_value_m"": 28.0, ""applied_correction_m"": null, ""derived_elevation_m"": 28.0, ""derived_depth_m"": null, ""derivation_notes"": ""Elevation sampled from SRTM15+V2 at authoritative coordinates because source elevation was not reported.""}","[{""method"": ""radiocarbon"", ""relation"": ""equal"", ""age_ka"": 32.22, ""uncertainty_ka"": 1.48, ""material"": ""D. leucas; Caudal vertebra; ZMUC 41/1952; delta13C -13.7"", ""notes"": ""14C age 32,220 \u00b11480; calibrated age BP -; method Conv..""}]",28,28,28,28
cbcd61a2de9fb9e6fe281acb6989677ae0e1cd890b7a4dc93a289c6291b5088b,soerensen2010,marine_limiting,"Nyholmsmark, Hjørring",K-7107,57.35122188192298,10.331015582935107,inferred_map,1000.0,39.0,MSL,SRTM15+V2,subtidal_facies,radiocarbon-dated subfossil cetacean remain; marine limiting,null,33.14,radiocarbon,"Specimen 50: D. leucas Caudal vertebra from Nyholmsmark, Hjørring; 14C age 33,140 ±1460; calibrated age -.","Nyholmsmark, Hjørring","Late Pleistocene and Holocene whale remains (Cetacea) from Denmark and adjacent countries: Species, distribution, chronology, and trace element concentrations",https://doi.org/10.1111/j.1748-7692.2009.00356.x,0.75,Extracted from Soerensen et al. Table 2 of dated subfossil whale remains. Cetacean remains are treated as marine-limiting constraints; no source elevation was reported in the table. Coordinate taken from authoritative manual geocode table soerensen2010.geojson using key '50'.,"{""page"": ""9"", ""figure"": null, ""table"": ""Table 2. Radiocarbon dated subfossil whale remains."", ""section"": null, ""quote_or_paraphrase"": ""50 | D. leucas | Caudal vertebra | 19/1960 | Nyholmsmark, Hj\u00f8rring | Conv. | K-7107 | 33,140 \u00b11460 | -13.4 | - | ""}","{""reported_elevation_m"": null, ""reported_depth_m"": null, ""reported_datum"": null, ""reported_uncertainty_m"": null}","{""raw_raster_value_m"": 39.0, ""applied_correction_m"": null, ""derived_elevation_m"": 39.0, ""derived_depth_m"": null, ""derivation_notes"": ""Elevation sampled from SRTM15+V2 at authoritative coordinates because source elevation was not reported.""}","[{""method"": ""radiocarbon"", ""relation"": ""equal"", ""age_ka"": 33.14, ""uncertainty_ka"": 1.46, ""material"": ""D. leucas; Caudal vertebra; ZMUC 19/1960; delta13C -13.4"", ""notes"": ""14C age 33,140 \u00b11460; calibrated age BP -; method Conv..""}]",39,39,39,39
2aacaf84dbe619f2cd00f8cfb9df0b43f016a2c289b5ad0be14b3d65ed9c4ab4,soerensen2010,marine_limiting,"Åsbakken, Hjørring",K-7103,57.162943283861374,9.459906978956077,inferred_map,1000.0,9.0,MSL,SRTM15+V2,subtidal_facies,radiocarbon-dated subfossil cetacean remain; marine limiting,null,""">38.32""",radiocarbon,"Specimen 51: D. leucas Caudal vertebra from Åsbakken, Hjørring; 14C age >38,320; calibrated age -.","Åsbakken, Hjørring","Late Pleistocene and Holocene whale remains (Cetacea) from Denmark and adjacent countries: Species, distribution, chronology, and trace element concentrations",https://doi.org/10.1111/j.1748-7692.2009.00356.x,0.75,Extracted from Soerensen et al. Table 2 of dated subfossil whale remains. Cetacean remains are treated as marine-limiting constraints; no source elevation was reported in the table. Coordinate taken from authoritative manual geocode table soerensen2010.geojson using key '51'.,"{""page"": ""9"", ""figure"": null, ""table"": ""Table 2. Radiocarbon dated subfossil whale remains."", ""section"": null, ""quote_or_paraphrase"": ""51 | D. leucas | Caudal vertebra | 3/1902 | \u00c5sbakken, Hj\u00f8rring | Conv. | K-7103 | >38,320 | -11.1 | - | ""}","{""reported_elevation_m"": null, ""reported_depth_m"": null, ""reported_datum"": null, ""reported_uncertainty_m"": null}","{""raw_raster_value_m"": 9.0, ""applied_correction_m"": null, ""derived_elevation_m"": 9.0, ""derived_depth_m"": null, ""derivation_notes"": ""Elevation sampled from SRTM15+V2 at authoritative coordinates because source elevation was not reported.""}","[{""method"": ""radiocarbon"", ""relation"": ""equal"", ""age_ka"": "">38.32"", ""uncertainty_ka"": null, ""material"": ""D. leucas; Caudal vertebra; ZMUC 3/1902; delta13C -11.1"", ""notes"": ""14C age >38,320; calibrated age BP -; method Conv..""}]",9,9,9,9
