pole_lat,pole_lon,r2,slope_m_per_degree,intercept,rmse,mae
-32.0,-76.0,0.005435133742738629,0.05405513997498214,18.920014205662287,33.4924708126704,19.023498366993657
