{
  "metadata": {
    "input": "/Users/craig/ECDO/LITTORAL/outputs/geospatial_03/03_littoral_working_records_with_cells.csv",
    "n": 3176,
    "reported_depth_source_records_only": true,
    "selection_criteria": "depth_source == reported, latitude/longitude present, and z_m <= 200 m",
    "depth_threshold_m": -200.0,
    "lat_bin_deg": 10.0,
    "lon_bin_deg": 20.0,
    "bootstraps": 2000,
    "permutations_per_null": 1000,
    "plane_step_deg": 4,
    "grid_step_deg": 2,
    "chronology_used": false,
    "origin_assumptions_used": false
  },
  "baseline": {
    "spherical": {
      "r2": 0.002465255971691893,
      "rmse": 33.54243959934884,
      "mae": 19.247328580811484,
      "axis_lat": -37.202743453729774,
      "axis_lon": -110.77378223734581,
      "gradient_norm_m": 2.7581912580975456,
      "intercept": 19.6762921546489,
      "coefficients": [
        -0.77919536201723,
        -2.0540771675635874,
        -1.66770518790058
      ]
    },
    "best_plane": {
      "pole_lat": -32.0,
      "pole_lon": -76.0,
      "r2": 0.005435133742738629,
      "slope_m_per_degree": 0.05405513997498214,
      "intercept": 18.920014205662287,
      "rmse": 33.4924708126704,
      "mae": 19.023498366993657
    }
  },
  "candidate_axis_scores": [
    {
      "axis_lat": -37.202743453729774,
      "axis_lon": -110.77378223734581,
      "r2": 0.002465255971691893,
      "slope_m_per_unit_vector": 2.758191258097543,
      "intercept": 19.6762921546489,
      "rmse": 33.54243959934884,
      "mae": 19.247328580811484,
      "name": "empirical_littoral_axis",
      "axial_distance_from_empirical_deg": 0.0
    },
    {
      "axis_lat": 37.202743453729774,
      "axis_lon": 69.22621776265419,
      "r2": 0.002465255971691893,
      "slope_m_per_unit_vector": -2.7581912580975434,
      "intercept": 19.67629215464889,
      "rmse": 33.54243959934884,
      "mae": 19.247328580811484,
      "name": "empirical_antipode",
      "axial_distance_from_empirical_deg": 0.0
    },
    {
      "axis_lat": 0.0,
      "axis_lon": 77.0,
      "r2": 0.0018462483824113196,
      "slope_m_per_unit_vector": -2.452710004194027,
      "intercept": 19.399116363951887,
      "rmse": 33.552845154012516,
      "mae": 19.37236824050748,
      "name": "equatorial_077E",
      "axial_distance_from_empirical_deg": 37.89096006585041
    },
    {
      "axis_lat": 0.0,
      "axis_lon": 75.0,
      "r2": 0.001856731034742598,
      "slope_m_per_unit_vector": -2.468013510384893,
      "intercept": 19.413359625068473,
      "rmse": 33.5526689668603,
      "mae": 19.37236625071677,
      "name": "equatorial_075E",
      "axial_distance_from_empirical_deg": 37.58398132239856
    },
    {
      "axis_lat": 0.0,
      "axis_lon": 31.0,
      "r2": 0.001170284519696474,
      "slope_m_per_unit_vector": -2.2346990074645103,
      "intercept": 20.028808941406847,
      "rmse": 33.56420446222905,
      "mae": 19.555347143449126,
      "name": "ecdo_031E_equatorial",
      "axial_distance_from_empirical_deg": 51.265657921517146
    },
    {
      "axis_lat": 0.0,
      "axis_lon": -149.0,
      "r2": 0.001170284519696474,
      "slope_m_per_unit_vector": 2.2346990074645134,
      "intercept": 20.028808941406847,
      "rmse": 33.56420446222905,
      "mae": 19.555347143449126,
      "name": "ecdo_149W_equatorial",
      "axial_distance_from_empirical_deg": 51.26565792151713
    },
    {
      "axis_lat": 0.0,
      "axis_lon": 170.0,
      "r2": 7.505655117756582e-06,
      "slope_m_per_unit_vector": 0.1853493390401977,
      "intercept": 20.206746857227454,
      "rmse": 33.583735516974606,
      "mae": 19.747561133874182,
      "name": "excursion_170E_equatorial",
      "axial_distance_from_empirical_deg": 81.43731466573685
    },
    {
      "axis_lat": 0.0,
      "axis_lon": -10.0,
      "r2": 7.505655117756582e-06,
      "slope_m_per_unit_vector": -0.18534933904019668,
      "intercept": 20.206746857227454,
      "rmse": 33.583735516974606,
      "mae": 19.747561133874186,
      "name": "excursion_010W_equatorial",
      "axial_distance_from_empirical_deg": 81.43731466573685
    },
    {
      "axis_lat": 0.0,
      "axis_lon": 0.0,
      "r2": 0.00013622255792444804,
      "slope_m_per_unit_vector": -0.7994192235501523,
      "intercept": 20.281382172321354,
      "rmse": 33.58157403398396,
      "mae": 19.741065632393596,
      "name": "null_000E_equatorial",
      "axial_distance_from_empirical_deg": 73.59039354416717
    },
    {
      "axis_lat": 0.0,
      "axis_lon": 90.0,
      "r2": 0.0017069451155901083,
      "slope_m_per_unit_vector": -2.3280824723304683,
      "intercept": 19.34406073845002,
      "rmse": 33.55518640548165,
      "mae": 19.387445089113545,
      "name": "null_090E_equatorial",
      "axial_distance_from_empirical_deg": 41.86503950764623
    },
    {
      "axis_lat": 0.0,
      "axis_lon": 180.0,
      "r2": 0.00013622255792444804,
      "slope_m_per_unit_vector": 0.7994192235501513,
      "intercept": 20.28138217232135,
      "rmse": 33.58157403398396,
      "mae": 19.741065632393596,
      "name": "null_180E_equatorial",
      "axial_distance_from_empirical_deg": 73.59039354416718
    }
  ],
  "candidate_plane_scores": [
    {
      "pole_lat": -32.0,
      "pole_lon": -76.0,
      "r2": 0.005435133742738629,
      "slope_m_per_degree": 0.05405513997498214,
      "intercept": 18.920014205662287,
      "rmse": 33.4924708126704,
      "mae": 19.023498366993657,
      "name": "empirical_littoral_plane_pole",
      "axial_distance_from_empirical_pole_deg": 0.0
    },
    {
      "pole_lat": 32.0,
      "pole_lon": 104.0,
      "r2": 0.005435133742738518,
      "slope_m_per_degree": -0.05405513997498208,
      "intercept": 18.920014205662277,
      "rmse": 33.4924708126704,
      "mae": 19.023498366993657,
      "name": "empirical_antipodal_plane_pole",
      "axial_distance_from_empirical_pole_deg": 0.0
    },
    {
      "pole_lat": 0.0,
      "pole_lon": 77.0,
      "r2": 0.002515185258157193,
      "slope_m_per_degree": -0.04351854022195808,
      "intercept": 19.24890445381997,
      "rmse": 33.54160014436119,
      "mae": 19.30126557208623,
      "name": "equatorial_077E_pole",
      "axial_distance_from_empirical_pole_deg": 40.92074255679586
    },
    {
      "pole_lat": 0.0,
      "pole_lon": 75.0,
      "r2": 0.0024915412849723095,
      "slope_m_per_degree": -0.04358138457541465,
      "intercept": 19.27680228662839,
      "rmse": 33.54199767020978,
      "mae": 19.30530047957858,
      "name": "equatorial_075E_pole",
      "axial_distance_from_empirical_pole_deg": 42.12189607508026
    },
    {
      "pole_lat": 0.0,
      "pole_lon": 31.0,
      "r2": 0.000778778596136287,
      "slope_m_per_degree": -0.027422081806354203,
      "intercept": 20.076579413509332,
      "rmse": 33.57078180832422,
      "mae": 19.60094874901397,
      "name": "ecdo_031E_pole",
      "axial_distance_from_empirical_pole_deg": 75.64404304846394
    },
    {
      "pole_lat": 0.0,
      "pole_lon": -149.0,
      "r2": 0.000778778596136176,
      "slope_m_per_degree": 0.027422081806354116,
      "intercept": 20.076579413509332,
      "rmse": 33.57078180832422,
      "mae": 19.60094874901397,
      "name": "ecdo_149W_pole",
      "axial_distance_from_empirical_pole_deg": 75.64404304846393
    },
    {
      "pole_lat": 0.0,
      "pole_lon": 170.0,
      "r2": 9.171484725922774e-05,
      "slope_m_per_degree": 0.010183053945878174,
      "intercept": 20.290748086462095,
      "rmse": 33.58232144697254,
      "mae": 19.75775811144765,
      "name": "excursion_170E_pole",
      "axial_distance_from_empirical_pole_deg": 69.82234075580321
    },
    {
      "pole_lat": 0.0,
      "pole_lon": -10.0,
      "r2": 9.171484725922774e-05,
      "slope_m_per_degree": -0.010183053945878174,
      "intercept": 20.290748086462095,
      "rmse": 33.58232144697254,
      "mae": 19.75775811144765,
      "name": "excursion_010W_pole",