{
  "metadata": {
    "input": "/Users/craig/ECDO/LITTORAL/outputs/geospatial_02/02_littoral_working_records.csv",
    "n_littoral": 3176,
    "reported_depth_source_records_only": true,
    "selection_criteria": "depth_source == reported, latitude/longitude present, and z_m <= 200 m",
    "depth_threshold_m": -200.0,
    "lat_bin_deg": 10.0,
    "lon_bin_deg": 20.0,
    "bootstraps": 1000,
    "min_n": 12,
    "plane_step_deg": 4,
    "kmax": 8,
    "chronology_used": false,
    "origin_assumptions_used": false
  },
  "baseline_littoral": {
    "n": 3176,
    "z_min": -158.0,
    "z_max": 199.0,
    "z_median": 14.370000000000001,
    "spherical_r2": 0.002465255971691893,
    "spherical_axis_lat": -37.202743453729774,
    "spherical_axis_lon": -110.77378223734581,
    "spherical_rmse": 33.54243959934884,
    "best_plane_r2": 0.005435133742738629,
    "best_plane_pole_lat": -32.0,
    "best_plane_pole_lon": -76.0,
    "best_plane_slope_m_per_degree": 0.05405513997498214,
    "best_harmonic_k": 8,
    "best_harmonic_r2": 0.045618211819815846,
    "best_harmonic_amplitude_m": 11.317339330676996,
    "best_harmonic_phase_deg": -124.37900399334394
  },
  "bootstrap_summaries": {
    "ordinary": {
      "n": {
        "mean": 3176.0,
        "median": 3176.0,
        "p05": 3176.0,
        "p25": 3176.0,
        "p75": 3176.0,
        "p95": 3176.0
      },
      "z_min": {
        "mean": -155.2719,
        "median": -158.0,
        "p05": -158.0,
        "p25": -158.0,
        "p75": -152.5,
        "p95": -145.0
      },
      "z_max": {
        "mean": 198.91303999999997,
        "median": 199.0,
        "p05": 198.35,
        "p25": 199.0,
        "p75": 199.0,
        "p95": 199.0
      },
      "z_median": {
        "mean": 14.46177,
        "median": 14.38,
        "p05": 13.25,
        "p25": 14.0,
        "p75": 15.05,
        "p95": 15.75025
      },
      "spherical_r2": {
        "mean": 0.0036404078776680632,
        "median": 0.0033227100944295818,
        "p05": 0.0008128959072922104,
        "p25": 0.0019799116526079408,
        "p75": 0.0048190846419476074,
        "p95": 0.007863622682332904
      },
      "spherical_axis_lat": {
        "mean": -29.8070315133577,
        "median": -32.26974962946961,
        "p05": -63.3497590957643,
        "p25": -44.81670786427159,
        "p75": -16.71414844367546,
        "p95": 9.0356111002797
      },
      "spherical_axis_lon": {
        "mean": -101.70525109277553,
        "median": -106.73680583303926,
        "p05": -160.40359217364875,
        "p25": -131.7360841563732,
        "p75": -81.25062447990457,
        "p95": -45.29332420769834
      },
      "spherical_rmse": {
        "mean": 33.525214845390906,
        "median": 33.497401950280135,
        "p05": 31.929815813817196,
        "p25": 32.871988236755726,
        "p75": 34.19447767977603,
        "p95": 35.13943629543295
      },
      "best_plane_r2": {
        "mean": 0.006034359437713128,
        "median": 0.0056673708504974,
        "p05": 0.0023238186534121187,
        "p25": 0.0039217570998673346,
        "p75": 0.007633773853508663,
        "p95": 0.011160703755491191
      },
      "best_plane_pole_lat": {
        "mean": -23.892,
        "median": -32.0,
        "p05": -36.0,
        "p25": -32.0,
        "p75": -28.0,
        "p95": 32.0
      },
      "best_plane_pole_lon": {
        "mean": -42.452,
        "median": -76.0,
        "p05": -84.0,
        "p25": -76.0,
        "p75": -72.0,
        "p95": 148.0
      },
      "best_plane_slope_m_per_degree": {
        "mean": 0.04369500957249595,
        "median": 0.05408167017594183,
        "p05": -0.05888681839317251,
        "p25": 0.04337277978746376,
        "p75": 0.06429867869946232,
        "p95": 0.07767019408056948
      },
      "best_harmonic_k": {
        "mean": 7.686,
        "median": 8.0,
        "p05": 7.0,
        "p25": 7.0,
        "p75": 8.0,
        "p95": 8.0
      },
      "best_harmonic_r2": {
        "mean": 0.048292634061009664,
        "median": 0.04782134446208752,
        "p05": 0.03769944601382331,
        "p25": 0.04378313097965847,
        "p75": 0.05241524157161678,
        "p95": 0.06026951785046386
      },
      "best_harmonic_amplitude_m": {
        "mean": 11.525102969058642,
        "median": 11.518440240280455,
        "p05": 10.054889862029496,
        "p25": 10.898583371350067,
        "p75": 12.094996227570775,
        "p95": 13.090045688455072
      },
      "best_harmonic_phase_deg": {
        "mean": -95.83743736728435,
        "median": -124.10416785496169,
        "p05": -177.94893283746785,
        "p25": -129.88176830284647,
        "p75": -118.91291121060482,
        "p95": 177.90576960422771
      }
    },
    "one_per_cell": {
      "n": {
        "mean": 81.0,
        "median": 81.0,
        "p05": 81.0,
        "p25": 81.0,
        "p75": 81.0,
        "p95": 81.0
      },
      "z_min": {
        "mean": -143.892,
        "median": -145.0,
        "p05": -158.0,
        "p25": -150.0,
        "p75": -136.0,
        "p95": -132.0
      },
      "z_max": {
        "mean": 168.57736000000003,
        "median": 160.65,
        "p05": 138.75,
        "p25": 138.75,
        "p75": 198.35,
        "p95": 199.0
      },
      "z_median": {
        "mean": 6.921199999999999,
        "median": 6.83,
        "p05": 6.01,
        "p25": 6.77,
        "p75": 7.1,
        "p95": 7.77
      },
      "spherical_r2": {
        "mean": 0.02941284548357626,
        "median": 0.027353437066068742,
        "p05": 0.006128628570701956,
        "p25": 0.017841653033703248,
        "p75": 0.03900266498416988,
        "p95": 0.05953527794583748
      },
      "spherical_axis_lat": {
        "mean": 53.75365831789388,
        "median": 56.54369337173563,
        "p05": 20.92686248831979,
        "p25": 43.86296897072373,
        "p75": 67.62225249029177,
        "p95": 79.74844764499338
      },
      "spherical_axis_lon": {
        "mean": -103.99476246916177,
        "median": -138.39389164709792,
        "p05": -170.8520869460696,
        "p25": -154.1626994090749,
        "p75": -98.82348070187287,
        "p95": 154.1375484555315
      },
      "spherical_rmse": {
        "mean": 42.83051197877049,
        "median": 42.823623520702895,
        "p05": 37.723760387107696,
        "p25": 40.72634464193608,
        "p75": 44.941834965176135,
        "p95": 47.9487707828062
      },
      "best_plane_r2": {
        "mean": 0.03058852004675207,
        "median": 0.028375172107822533,
        "p05": 0.0075702624973097935,
        "p25": 0.018562836179184194,
        "p75": 0.04036372667567656,
        "p95": 0.059700193517278836
      },
      "best_plane_pole_lat": {
        "mean": -52.372,
        "median": -60.0,
        "p05": -84.0,
        "p25": -72.0,
        "p75": -44.0,
        "p95": 20.199999999999818
      },
      "best_plane_pole_lon": {
        "mean": 19.52,
        "median": 24.0,
        "p05": -136.0,
        "p25": 4.0,
        "p75": 52.0,
        "p95": 132.0
      },
      "best_plane_slope_m_per_degree": {
        "mean": -0.19290219474069198,
        "median": -0.22452600111636642,
        "p05": -0.3515243605136831,
        "p25": -0.2723773787338008,
        "p75": -0.16763337323107771,
        "p95": 0.18064885999701463
      },
      "best_harmonic_k": {
        "mean": 3.893,
        "median": 2.0,
        "p05": 2.0,
        "p25": 2.0,
        "p75": 7.0,
        "p95": 8.0
      },
      "best_harmonic_r2": {
        "mean": 0.06849126166692711,
        "median": 0.06574787273144106,
        "p05": 0.03761482107730279,
        "p25": 0.050484698677764145,
        "p75": 0.08172201755170935,
        "p95": 0.11385771253578619
      },
      "best_harmonic_amplitude_m": {
        "mean": 16.386989345195556,
        "median": 16.224443485587123,
        "p05": 11.994088844048736,
        "p25": 14.313677603153124,
        "p75": 18.097623435785366,
        "p95": 21.522576143277018
      },