{
  "metadata": {
    "input": "/Users/craig/ECDO/LITTORAL/outputs/geospatial_02/02_littoral_working_records.csv",
    "n_littoral": 3185,
    "reported_depth_source_records_only": true,
    "selection_criteria": "depth_source == reported, latitude/longitude present, and z_m <= 200 m",
    "depth_threshold_m": -200.0,
    "lat_bin_deg": 10.0,
    "lon_bin_deg": 20.0,
    "bootstraps": 1000,
    "min_n": 12,
    "plane_step_deg": 4,
    "kmax": 8,
    "chronology_used": false,
    "origin_assumptions_used": false
  },
  "baseline_littoral": {
    "n": 3185,
    "z_min": -158.0,
    "z_max": 199.0,
    "z_median": 14.24,
    "spherical_r2": 0.0025974561522668083,
    "spherical_axis_lat": -31.43735259766442,
    "spherical_axis_lon": -101.85330876130061,
    "spherical_rmse": 33.67474075735776,
    "best_plane_r2": 0.005821895470117688,
    "best_plane_pole_lat": -32.0,
    "best_plane_pole_lon": -76.0,
    "best_plane_slope_m_per_degree": 0.05618645326533558,
    "best_harmonic_k": 8,
    "best_harmonic_r2": 0.044096412167655585,
    "best_harmonic_amplitude_m": 11.172857678467953,
    "best_harmonic_phase_deg": -124.88315354188049
  },
  "bootstrap_summaries": {
    "ordinary": {
      "n": {
        "mean": 3185.0,
        "median": 3185.0,
        "p05": 3185.0,
        "p25": 3185.0,
        "p75": 3185.0,
        "p95": 3185.0
      },
      "z_min": {
        "mean": -155.2719,
        "median": -158.0,
        "p05": -158.0,
        "p25": -158.0,
        "p75": -152.5,
        "p95": -145.0
      },
      "z_max": {
        "mean": 198.91303999999997,
        "median": 199.0,
        "p05": 198.35,
        "p25": 199.0,
        "p75": 199.0,
        "p95": 199.0
      },
      "z_median": {
        "mean": 14.42279,
        "median": 14.36,
        "p05": 13.25,
        "p25": 14.0,
        "p75": 15.02,
        "p95": 15.72
      },
      "spherical_r2": {
        "mean": 0.0037901500608437193,
        "median": 0.003484835268058706,
        "p05": 0.0008682155458211661,
        "p25": 0.002167150788954686,
        "p75": 0.00493984265535094,
        "p95": 0.007921959963363189
      },
      "spherical_axis_lat": {
        "mean": -25.564347061758788,
        "median": -27.704269912212318,
        "p05": -58.36856874211296,
        "p25": -41.04750540780921,
        "p75": -12.513659262935938,
        "p95": 12.51676340528151
      },
      "spherical_axis_lon": {
        "mean": -96.9987207813389,
        "median": -99.52516701964046,
        "p05": -155.0695910818016,
        "p25": -120.68844528308405,
        "p75": -77.14047703215671,
        "p95": -46.55126657126192
      },
      "spherical_rmse": {
        "mean": 33.658504989444914,
        "median": 33.63046770141115,
        "p05": 32.055145232902376,
        "p25": 33.00987860060577,
        "p75": 34.31349571722885,
        "p95": 35.25362905637345
      },
      "best_plane_r2": {
        "mean": 0.006399495720482502,
        "median": 0.006069013357853481,
        "p05": 0.0024791420975002255,
        "p25": 0.004275395352332401,
        "p75": 0.008128817564754753,
        "p95": 0.01165919849003809
      },
      "best_plane_pole_lat": {
        "mean": -23.764,
        "median": -32.0,
        "p05": -32.0,
        "p25": -32.0,
        "p75": -28.0,
        "p95": 32.0
      },
      "best_plane_pole_lon": {
        "mean": -48.408,
        "median": -76.0,
        "p05": -84.0,
        "p25": -76.0,
        "p75": -72.0,
        "p95": 108.0
      },
      "best_plane_slope_m_per_degree": {
        "mean": 0.04554517068315962,
        "median": 0.05638103676450984,
        "p05": -0.05730549337905914,
        "p25": 0.04552643644966083,
        "p75": 0.0656104677271798,
        "p95": 0.07951486621988617
      },
      "best_harmonic_k": {
        "mean": 7.575,
        "median": 8.0,
        "p05": 7.0,
        "p25": 7.0,
        "p75": 8.0,
        "p95": 8.0
      },
      "best_harmonic_r2": {
        "mean": 0.0479184185928151,
        "median": 0.04722921434268951,
        "p05": 0.03782931880191244,
        "p25": 0.04329475369956673,
        "p75": 0.05192399562683947,
        "p95": 0.0600638645252119
      },
      "best_harmonic_amplitude_m": {
        "mean": 11.480862005707397,
        "median": 11.462243427431911,
        "p05": 10.075722171294593,
        "p25": 10.862493502463186,
        "p75": 12.065186183491823,
        "p95": 12.996142584634926
      },
      "best_harmonic_phase_deg": {
        "mean": -81.20676539601807,
        "median": -124.26372967205577,
        "p05": -178.46739283297086,
        "p25": -133.98621392323204,
        "p75": -118.016540975987,
        "p95": 178.55029788424386
      }
    },
    "one_per_cell": {
      "n": {
        "mean": 82.0,
        "median": 82.0,
        "p05": 82.0,
        "p25": 82.0,
        "p75": 82.0,
        "p95": 82.0
      },
      "z_min": {
        "mean": -144.3035,
        "median": -145.0,
        "p05": -158.0,
        "p25": -150.0,
        "p75": -136.0,
        "p95": -132.0
      },
      "z_max": {
        "mean": 170.26594,
        "median": 160.65,
        "p05": 138.75,
        "p25": 138.75,
        "p75": 198.35,
        "p95": 199.0
      },
      "z_median": {
        "mean": 7.028524999999999,
        "median": 6.95,
        "p05": 6.220000000000001,
        "p25": 6.79625,
        "p75": 7.345,
        "p95": 7.935
      },
      "spherical_r2": {
        "mean": 0.035175675904070204,
        "median": 0.03277852404367437,
        "p05": 0.007916672453818923,
        "p25": 0.020832310737382842,
        "p75": 0.046950645113790435,
        "p95": 0.06996543808300676
      },
      "spherical_axis_lat": {
        "mean": 55.47209092844187,
        "median": 57.02147444670662,
        "p05": 28.135639439172447,
        "p25": 46.50013533565367,
        "p75": 66.78297132416876,
        "p95": 79.76327703312688
      },
      "spherical_axis_lon": {
        "mean": -114.0076231320349,
        "median": -134.10130398456067,
        "p05": -165.84505364693038,
        "p25": -149.2275951665427,
        "p75": -108.91614792831587,
        "p95": 33.774888348336965
      },
      "spherical_rmse": {
        "mean": 43.2392327341335,
        "median": 43.06639351001462,
        "p05": 38.38015563110723,
        "p25": 41.14078533670335,
        "p75": 45.21130547826625,
        "p95": 48.580771140999296
      },
      "best_plane_r2": {
        "mean": 0.036304301772909775,
        "median": 0.03354677276794593,
        "p05": 0.009688894259058707,
        "p25": 0.021635478815326986,
        "p75": 0.04767124857012103,
        "p95": 0.0731732877850995
      },
      "best_plane_pole_lat": {
        "mean": -52.928,
        "median": -60.0,
        "p05": -80.0,
        "p25": -72.0,
        "p75": -48.0,
        "p95": 36.19999999999982
      },
      "best_plane_pole_lon": {
        "mean": 32.724,
        "median": 40.0,
        "p05": -124.0,
        "p25": 20.0,
        "p75": 64.0,
        "p95": 120.0
      },
      "best_plane_slope_m_per_degree": {
        "mean": -0.21818576900019412,
        "median": -0.2420564241252333,
        "p05": -0.3848070589615338,
        "p25": -0.30539343025439214,
        "p75": -0.18546459504333365,
        "p95": 0.1632632378208469
      },
      "best_harmonic_k": {
        "mean": 3.735,
        "median": 2.0,
        "p05": 2.0,
        "p25": 2.0,
        "p75": 8.0,
        "p95": 8.0
      },
      "best_harmonic_r2": {
        "mean": 0.0763063006163917,
        "median": 0.07154254111885394,
        "p05": 0.04296834759299767,
        "p25": 0.05850836526976533,
        "p75": 0.09035928555962167,
        "p95": 0.12592465451770554
      },
      "best_harmonic_amplitude_m": {
        "mean": 17.55646410693097,
        "median": 17.33035218413631,
        "p05": 13.261169807983718,
        "p25": 15.47657787252167,
        "p75": 19.326185919917215,
        "p95": 22.545295202349063
      },