{
  "metadata": {
    "mach_input": "/Users/craig/ECDO/LITTORAL/outputs/mach.csv",
    "candidate_files": [
      "/Users/craig/ECDO/LITTORAL/outputs/geospatial_07/07_top250_rotation_candidates.csv",
      "/Users/craig/ECDO/LITTORAL/outputs/geospatial_09/09_top250_constrained_joint_candidates.csv",
      "/Users/craig/ECDO/LITTORAL/outputs/geospatial_09/09_constrained_joint_scan.csv"
    ],
    "n_candidates": 750,
    "n_random_axes": 10000,
    "sweep_step_deg": 2.0,
    "low_m_quantile": 0.2,
    "chronology_used": false,
    "origin_assumptions_used": false
  },
  "mach_field": {
    "n": 2520,
    "m_min": 0.117851,
    "m_max": 0.186731,
    "m_mean": 0.14161585277777777,
    "m_threshold": 0.1314706
  },
  "candidate_vs_random_summary": [
    {
      "metric": "axis_point_M",
      "observed_median": 0.137102,
      "observed_mean": 0.13855138133333333,
      "random_median": 0.1400658654430764,
      "random_mean": 0.14099274897103345,
      "observed_p10": 0.127247,
      "observed_p90": 0.1536998,
      "random_p10": 0.12563059841787189,
      "random_p90": 0.15936875445399656,
      "empirical_p_high": 0.5692430756924307,
      "empirical_p_low": 0.43085691430856915
    },
    {
      "metric": "distance_to_basin_deg",
      "observed_median": 114.95077593925102,
      "observed_mean": 110.57470463758571,
      "random_median": 89.60759430472878,
      "random_mean": 89.66692573506273,
      "observed_p10": 72.5986881029634,
      "observed_p90": 143.09732821190062,
      "random_p10": 36.3284416816973,
      "random_p90": 142.468628291539,
      "empirical_p_high": 0.28677132286771323,
      "empirical_p_low": 0.7133286671332867
    },
    {
      "metric": "path_m_mean",
      "observed_median": 0.14363164262390443,
      "observed_mean": 0.1433937492293784,
      "random_median": 0.145701853956678,
      "random_mean": 0.14591920419054621,
      "observed_p10": 0.13770425313634907,
      "observed_p90": 0.1489811333189763,
      "random_p10": 0.138477964452626,
      "random_p90": 0.15311277287808692,
      "empirical_p_high": 0.6002399760023998,
      "empirical_p_low": 0.39986001399860016
    },
    {
      "metric": "path_m_min",
      "observed_median": 0.1271870302926857,
      "observed_mean": 0.12548557386135373,
      "random_median": 0.12426345368888325,
      "random_mean": 0.12600033999892327,
      "observed_p10": 0.11947465312146868,
      "observed_p90": 0.12971860210303746,
      "random_p10": 0.11876560092191733,
      "random_p90": 0.13782432162339223,
      "empirical_p_high": 0.4183581641835816,
      "empirical_p_low": 0.5817418258174183
    },
    {
      "metric": "path_frac_below_threshold",
      "observed_median": 0.20441988950276244,
      "observed_mean": 0.22774217311233882,
      "random_median": 0.19337016574585636,
      "random_mean": 0.18476574585635358,
      "observed_p10": 0.11602209944751381,
      "observed_p90": 0.35911602209944754,
      "random_p10": 0.0,
      "random_p90": 0.36464088397790057,
      "empirical_p_high": 0.4674532546745325,
      "empirical_p_low": 0.5484451554844516
    },
    {
      "metric": "path_integrated_penalty",
      "observed_median": 0.12343198428627544,
      "observed_mean": 0.22620467112088716,
      "random_median": 0.2133508835940999,
      "random_mean": 0.3456412196346689,
      "observed_p10": 0.032310782267036486,
      "observed_p90": 0.5819575242928967,
      "random_p10": 0.0,
      "random_p90": 0.7862679243661825,
      "empirical_p_high": 0.5795420457954205,
      "empirical_p_low": 0.42055794420557946
    }
  ],
  "best_low_penalty_candidate": [
    {
      "axis_lat": 60.0,
      "axis_lon": -175.0,
      "angle_deg": 25.0,
      "rotated_pole_lat": 77.57458921298353,
      "rotated_pole_lon": 105.86815011817671,
      "r2": 0.0433261229809949,
      "rmse": 32.84827656023357,
      "mae": 18.412343326532294,
      "scale_m_per_sigma": 6.9904566190598345,
      "intercept_m": 20.169867758186392,
      "spearman": 0.4245870593712793,
      "abs_spearman": 0.4245870593712793,
      "kendall_tau": 0.281102322917704,
      "abs_kendall_tau": 0.281102322917704,
      "score": 0.018395711150459,
      "source_file": "07_top250_rotation_candidates.csv",
      "lambda_q": NaN,
      "spearman_pred_obs": NaN,
      "rotation_only_spearman": NaN,
      "intercept": NaN,
      "rotation_coeff": NaN,
      "quadrupole_coeff_norm": NaN,
      "axis_point_M": 0.142163,
      "distance_to_basin_deg": 153.8201736416126,
      "basin_lat": -49.0,
      "basin_lon": 46.9888626637867,
      "path_m_mean": 0.1498928094711045,
      "path_m_median": 0.14193268136965628,
      "path_m_min": 0.13124827144146206,
      "path_m_max": 0.18434919287011275,
      "path_m_std": 0.017133051674942803,
      "path_frac_below_threshold": 0.011049723756906077,
      "path_integrated_penalty": 0.0008076786853867812,
      "path_threshold": 0.1314706,
      "path_n": 181
    }
  ],
  "best_high_path_m_candidate": [
    {
      "axis_lat": 40.0,
      "axis_lon": -170.0,
      "angle_deg": 17.0,
      "rotated_pole_lat": 76.99707466018145,
      "rotated_pole_lon": 105.48729494038162,
      "r2": 0.0432897069547143,
      "rmse": 32.8489017431449,
      "mae": 18.408147372530156,
      "scale_m_per_sigma": 6.987518228223751,
      "intercept_m": 20.169867758186392,
      "spearman": 0.4252929983445406,
      "abs_spearman": 0.4252929983445406,
      "kendall_tau": 0.2821944363440399,
      "abs_kendall_tau": 0.2821944363440399,
      "score": 0.0184108092682269,
      "source_file": "07_top250_rotation_candidates.csv",
      "lambda_q": NaN,
      "spearman_pred_obs": NaN,
      "rotation_only_spearman": NaN,
      "intercept": NaN,
      "rotation_coeff": NaN,
      "quadrupole_coeff_norm": NaN,
      "axis_point_M": 0.144825,
      "distance_to_basin_deg": 152.442537894743,
      "basin_lat": -49.0,
      "basin_lon": 46.9888626637867,
      "path_m_mean": 0.15066495324835685,
      "path_m_median": 0.1436925578212823,
      "path_m_min": 0.13052170236432237,
      "path_m_max": 0.18015727341821208,
      "path_m_std": 0.015731973963601122,
      "path_frac_below_threshold": 0.027624309392265192,
      "path_integrated_penalty": 0.005915365639346859,
      "path_threshold": 0.1314706,
      "path_n": 181
    }
  ]
}