{
  "metadata": {
    "input": "/Users/craig/ECDO/LITTORAL/outputs/geospatial_07/07_littoral_records_with_best_rotation_prediction.csv",
    "n": 3176,
    "reported_depth_source_records_only": true,
    "selection_criteria": "depth_source == reported, latitude/longitude present, and z_m <= 200 m",
    "relative_gradients_only": true,
    "absolute_depths_interpreted": false,
    "depth_threshold_m": -200.0,
    "axis_lat_step": 5.0,
    "axis_lon_step": 5.0,
    "angle_step": 2.0,
    "permutations": 500,
    "seed": 42,
    "chronology_used": false,
    "origin_assumptions_used": false
  },
  "best_joint_candidate": {
    "axis_lat": 55.0,
    "axis_lon": -25.0,
    "angle_deg": 1.0,
    "rotated_pole_lat": 89.42642844867764,
    "rotated_pole_lon": -114.59042055734822,
    "include_quadrupole": true,
    "r2": 0.04768883664935497,
    "rmse": 32.77329208360877,
    "mae": 18.4362180235374,
    "spearman_pred_obs": 0.3890468448940049,
    "rotation_only_spearman": -0.25788151192554026,
    "intercept": 20.169867758186392,
    "coefficients": {
      "rotation_anomaly": -3.372649223816612,
      "q_xy": 1.677287572301158,
      "q_xz": -1.481793627095832,
      "q_yz": 4.143181746296238,
      "q_x2_minus_y2": -2.6381176855620474,
      "q_3z2_minus_1": 0.5353374305435644
    }
  },
  "fixed_reference_candidates": [
    {
      "name": "ECDO_31E_107",
      "axis_lat": 0.0,
      "axis_lon": 31.0,
      "angle_deg": 107.0,
      "rotated_pole_lat": -16.999999999999996,
      "rotated_pole_lon": -59.00000000000001,
      "rotation_only_r2": 0.008343710129818382,
      "joint_r2": 0.04768883664935453,
      "quadrupole_gain_r2": 0.039345126519536144,
      "rotation_only_rmse": 33.44346107005107,
      "joint_rmse": 32.77329208360878,
      "joint_spearman_pred_obs": 0.3890468448940049,
      "rotation_only_spearman": 0.328710914901502,
      "joint_rotation_coeff": 1.1535148468075476
    },
    {
      "name": "ECDO_31E_52",
      "axis_lat": 0.0,
      "axis_lon": 31.0,
      "angle_deg": 52.0,
      "rotated_pole_lat": 38.0,
      "rotated_pole_lon": -59.00000000000001,
      "rotation_only_r2": 0.020913371970166295,
      "joint_r2": 0.04768883664935453,
      "quadrupole_gain_r2": 0.026775464679188232,
      "rotation_only_rmse": 33.23083013534446,
      "joint_rmse": 32.77329208360878,
      "joint_spearman_pred_obs": 0.3890468448940049,
      "rotation_only_spearman": -0.17391540531226748,
      "joint_rotation_coeff": -2.7399491367609268
    },
    {
      "name": "ECDO_31E_26",
      "axis_lat": 0.0,
      "axis_lon": 31.0,
      "angle_deg": 26.0,
      "rotated_pole_lat": 64.00000000000001,
      "rotated_pole_lon": -59.00000000000001,
      "rotation_only_r2": 0.038012966760200495,
      "joint_r2": 0.04768883664935453,
      "quadrupole_gain_r2": 0.009675869889154032,
      "rotation_only_rmse": 32.93936631252479,
      "joint_rmse": 32.77329208360878,
      "joint_spearman_pred_obs": 0.3890468448940049,
      "rotation_only_spearman": -0.3206451739645765,
      "joint_rotation_coeff": -3.232385976870626
    },
    {
      "name": "observed_77E_104",
      "axis_lat": 0.0,
      "axis_lon": 77.0,
      "angle_deg": 104.0,
      "rotated_pole_lat": -14.000000000000004,
      "rotated_pole_lon": -12.999999999999996,
      "rotation_only_r2": 5.708754695932239e-05,
      "joint_r2": 0.04768883664935453,
      "quadrupole_gain_r2": 0.047631749102395204,
      "rotation_only_rmse": 33.58290292783399,
      "joint_rmse": 32.77329208360878,
      "joint_spearman_pred_obs": 0.3890468448940049,
      "rotation_only_spearman": 0.15105225728044244,
      "joint_rotation_coeff": -0.8059425272732115
    },
    {
      "name": "ECDO_31E_104",
      "axis_lat": 0.0,
      "axis_lon": 31.0,
      "angle_deg": 104.0,
      "rotated_pole_lat": -14.000000000000004,
      "rotated_pole_lon": -59.00000000000001,
      "rotation_only_r2": 0.006517711138410154,
      "joint_r2": 0.047688836649354416,
      "quadrupole_gain_r2": 0.04117112551094426,
      "rotation_only_rmse": 33.47423768121131,
      "joint_rmse": 32.77329208360878,
      "joint_spearman_pred_obs": 0.3890468448940049,
      "rotation_only_spearman": 0.31753402004480774,
      "joint_rotation_coeff": 0.9259803144378848
    },
    {
      "name": "ECDO_149W_104",
      "axis_lat": 0.0,
      "axis_lon": -149.0,
      "angle_deg": 104.0,
      "rotated_pole_lat": -14.000000000000004,
      "rotated_pole_lon": 121.0,
      "rotation_only_r2": 0.0019985963377785465,
      "joint_r2": 0.047688836649354416,
      "quadrupole_gain_r2": 0.04569024031157587,
      "rotation_only_rmse": 33.550284475153056,
      "joint_rmse": 32.77329208360878,
      "joint_spearman_pred_obs": 0.3890468448940049,
      "rotation_only_spearman": 0.11680149841620048,
      "joint_rotation_coeff": -1.457576735893204
    },
    {
      "name": "observed_77E_107",
      "axis_lat": 0.0,
      "axis_lon": 77.0,
      "angle_deg": 107.0,
      "rotated_pole_lat": -16.999999999999996,
      "rotated_pole_lon": -12.999999999999996,
      "rotation_only_r2": 1.531050290193292e-05,
      "joint_r2": 0.047688836649354416,
      "quadrupole_gain_r2": 0.04767352614645248,
      "rotation_only_rmse": 33.58360445776333,
      "joint_rmse": 32.77329208360878,
      "joint_spearman_pred_obs": 0.3890468448940049,
      "rotation_only_spearman": 0.16789812976576765,
      "joint_rotation_coeff": -0.7130631653104783
    },
    {
      "name": "best_07_40N_110E_107",
      "axis_lat": 40.0,
      "axis_lon": 110.0,
      "angle_deg": 107.0,
      "rotated_pole_lat": 13.981297107547157,
      "rotated_pole_lon": 60.98011480143162,
      "rotation_only_r2": 0.0006399939772065988,
      "joint_r2": 0.047688836649354416,
      "quadrupole_gain_r2": 0.04704884267214782,
      "rotation_only_rmse": 33.57311309707828,
      "joint_rmse": 32.77329208360878,
      "joint_spearman_pred_obs": 0.3890468448940049,
      "rotation_only_spearman": 0.26203563088885246,
      "joint_rotation_coeff": 1.8410295872666649
    }
  ],
  "fixed_reference_permutation_tests": [
    {
      "name": "ECDO_31E_107",
      "mode": "global",
      "observed_joint_r2": 0.04768883664935453,
      "p": 0.001996007984031936,
      "null_median": 0.001341299064202106,
      "null_p95": 0.0037273926980389443,
      "null_p99": 0.005136172998801877
    },
    {
      "name": "ECDO_31E_107",
      "mode": "within_cells",
      "observed_joint_r2": 0.04768883664935453,
      "p": 0.001996007984031936,
      "null_median": 0.041085575773509964,
      "null_p95": 0.04212069007191888,
      "null_p99": 0.042594260906306775
    },
    {
      "name": "ECDO_31E_52",
      "mode": "global",
      "observed_joint_r2": 0.04768883664935453,
      "p": 0.001996007984031936,
      "null_median": 0.0013946008408694532,
      "null_p95": 0.0032686598532646145,
      "null_p99": 0.004260491744030001
    },
    {
      "name": "ECDO_31E_52",
      "mode": "within_cells",
      "observed_joint_r2": 0.04768883664935453,
      "p": 0.001996007984031936,
      "null_median": 0.041075848641425994,
      "null_p95": 0.04206725240545643,
      "null_p99": 0.042394456330477594
    },
    {
      "name": "ECDO_31E_26",
      "mode": "global",
      "observed_joint_r2": 0.04768883664935453,
      "p": 0.001996007984031936,
      "null_median": 0.0014114167139890332,
      "null_p95": 0.0033538386621380614,
      "null_p99": 0.004664935815826502
    },
    {
      "name": "ECDO_31E_26",
      "mode": "within_cells",
      "observed_joint_r2": 0.04768883664935453,
      "p": 0.001996007984031936,
      "null_median": 0.04108334862973445,
      "null_p95": 0.042171887177618564,
      "null_p99": 0.04264593034169058
    },
    {
      "name": "observed_77E_104",
      "mode": "global",
      "observed_joint_r2": 0.04768883664935453,
      "p": 0.001996007984031936,
      "null_median": 0.0014587792010782308,
      "null_p95": 0.0032887688321890426,